nominal_age,actual_age,target_class,episode_id,dimension,retention_score,behavior_distance,winner_changes,material
16,16,high,npc:i1008:e1008,betrayal,1.1875,0.4735584825359046,16,True
16,17,medium,npc:i1007:e1007,betrayal,0.4375,0.36136546687776017,16,True
16,18,low,npc:i1006:e1006,betrayal,0.0375,0.3045360216324257,16,True
64,64,high,npc:i960:e960,threat,1.1875,0.6742968324801248,16,True
64,65,medium,npc:i959:e959,threat,0.4375,0.4847893151967367,16,True
64,66,low,npc:i958:e958,threat,0.0375,0.38630491043096216,16,True
128,128,high,npc:i896:e896,respect,1.1875,0.5046168161272496,16,True
128,129,medium,npc:i895:e895,respect,0.4375,0.38830215005066504,16,True
128,130,low,npc:i894:e894,respect,0.0375,0.3269307316467824,16,True
256,256,high,npc:i768:e768,betrayal,1.1875,0.4735584825359046,16,True
256,257,medium,npc:i767:e767,betrayal,0.4375,0.36136546687776017,16,True
256,258,low,npc:i766:e766,betrayal,0.0375,0.3045360216324257,16,True
512,512,high,npc:i512:e512,threat,1.1875,0.6742968324801248,16,True
512,513,medium,npc:i511:e511,threat,0.4375,0.4847893151967367,16,True
512,514,low,npc:i510:e510,threat,0.0375,0.38630491043096216,16,True
768,768,high,npc:i256:e256,respect,1.1875,0.5046168161272496,16,True
768,769,medium,npc:i255:e255,respect,0.4375,0.38830215005066504,16,True
768,770,low,npc:i254:e254,respect,0.0375,0.3269307316467824,16,True
