budget,selector,value_fraction,material_fraction,material_retained,meets_gate,oracle_value_fraction,oracle_material_fraction,value_efficiency_vs_oracle,oracle_overlap
64,payload_relevant_l1,0.42445383725612484,0.23125,37,False,0.6386270564472011,0.4,0.664634911676682,37
64,host_emotion_projection,0.47144174840562103,0.25625,41,False,0.6386270564472011,0.4,0.7382113608345027,41
64,recency,0.2643624622020663,0.26875,43,False,0.6386270564472011,0.4,0.4139543721695146,10
96,payload_relevant_l1,0.59240139311538,0.3625,58,False,0.8328575603522613,0.6,0.7112877655391887,58
96,host_emotion_projection,0.5701708730676098,0.35,56,False,0.8328575603522613,0.6,0.684595902361087,56
96,recency,0.37505349798389015,0.4,64,False,0.8328575603522613,0.6,0.45032129842858043,32
128,payload_relevant_l1,0.7729244960763234,0.55,88,False,0.9664791626467922,0.8,0.7997321886998562,88
128,host_emotion_projection,0.7621778982652863,0.55,88,False,0.9664791626467922,0.8,0.7886128617382623,88
128,recency,0.49372174488069054,0.5375,86,False,0.9664791626467922,0.8,0.5108457212140902,72
