episode_id,index,chapter,event_class,future_value,material,default_distance,no_foreground_distance,default_ensemble_rms,no_foreground_ensemble_rms,payload_relevant_l1,host_emotion_projection
npc:i100:e99,99,2,mixed_conflict,0.18313415840244557,True,0.18313415840244557,0.18313415840244557,0.0834048145836299,0.0834048145836299,1.04,0.17891571563384892
npc:i101:e100,100,2,joy_noise,0.0,False,0.0,0.0,0.0,0.0,0.0,0.0
npc:i102:e101,101,2,low_relevant,0.016026896035302288,True,0.01602689603530226,0.016026896035302315,0.0072835453458241104,0.007283545345824114,0.08,0.017317707381408014
npc:i103:e102,102,2,positive_counter,0.11821375712766354,True,0.11821375712766356,0.11821375712766352,0.053532746443501096,0.053532746443501096,0.72,0.1113576731587784
npc:i104:e103,103,2,positive_core,0.24409376763620935,True,0.24409376763620935,0.24409376763620932,0.11112259205336104,0.11112259205336103,1.0,0.2270408421570617
npc:i105:e104,104,2,negative_decoy,0.0,False,0.0,0.0,2.42434975903054e-20,2.42434975903054e-20,1.0,0.1829660780582635
npc:i106:e105,105,2,mixed_conflict,0.18313415840244557,True,0.18313415840244557,0.18313415840244557,0.0834048145836299,0.0834048145836299,1.04,0.17891542437901342
npc:i107:e106,106,2,joy_noise,0.0,False,0.0,0.0,0.0,0.0,0.0,0.0
npc:i108:e107,107,2,low_relevant,0.016026896035302288,True,0.01602689603530226,0.016026896035302315,0.0072835453458241104,0.007283545345824114,0.08,0.017317709342022064
npc:i109:e108,108,2,positive_counter,0.11821375712766354,True,0.11821375712766356,0.11821375712766352,0.053532746443501096,0.053532746443501096,0.72,0.11135242361547878
npc:i10:e10,10,1,joy_noise,0.0,False,0.0,0.0,0.0,0.0,0.0,0.0
npc:i110:e109,109,2,positive_core,0.24409376763620935,True,0.24409376763620935,0.24409376763620932,0.11112259205336104,0.11112259205336103,1.0,0.22704072030336875
npc:i111:e110,110,2,negative_decoy,0.0,False,0.0,0.0,2.42434975903054e-20,2.42434975903054e-20,1.0,0.18296596603484502
npc:i112:e111,111,2,mixed_conflict,0.18313415840244557,True,0.18313415840244557,0.18313415840244557,0.0834048145836299,0.0834048145836299,1.04,0.1789153287288543
npc:i113:e112,112,2,joy_noise,0.0,False,0.0,0.0,0.0,0.0,0.0,0.0
npc:i114:e113,113,2,low_relevant,0.016026896035302288,True,0.01602689603530226,0.016026896035302315,0.0072835453458241104,0.007283545345824114,0.08,0.017317709686877604
npc:i115:e114,114,2,positive_counter,0.11821375712766354,True,0.11821375712766356,0.11821375712766352,0.053532746443501096,0.053532746443501096,0.72,0.11135067491056319
npc:i116:e115,115,2,positive_core,0.24409376763620935,True,0.24409376763620935,0.24409376763620932,0.11112259205336104,0.11112259205336103,1.0,0.2270406797135307
npc:i117:e116,116,2,negative_decoy,0.0,False,0.0,0.0,2.42434975903054e-20,2.42434975903054e-20,1.0,0.18296592872010287
npc:i118:e117,117,2,mixed_conflict,0.18313415840244557,True,0.18313415840244557,0.18313415840244557,0.0834048145836299,0.0834048145836299,1.04,0.1789152971037815
npc:i119:e118,118,2,joy_noise,0.0,False,0.0,0.0,0.0,0.0,0.0,0.0
npc:i11:e11,11,1,low_relevant,0.016026896035302288,True,0.01602689603530226,0.016026896035302315,0.0072835453458241104,0.007283545345824114,0.08,0.01712618963904546
npc:i120:e119,119,2,low_relevant,0.016026896035302288,True,0.01602689603530226,0.016026896035302315,0.0072835453458241104,0.007283545345824114,0.08,0.017317709747534795
npc:i121:e120,120,2,positive_counter,0.11821375712766354,True,0.11821375712766356,0.11821375712766352,0.053532746443501096,0.053532746443501096,0.72,0.11135009235561427
npc:i123:e121,121,3,positive_core,0.15710582197712708,True,0.15710582197712705,0.1571058219771271,0.07136773928465262,0.07136773928465262,0.95,0.15853765616887208
npc:i124:e122,122,3,negative_decoy,2.1800520315071147e-09,False,2.1800520319109116e-09,2.1800520311033174e-09,9.856731566080055e-10,9.856731565972066e-10,0.95,0.11941460540048252
npc:i125:e123,123,3,mixed_conflict,0.10016810121735338,True,0.10016810121735338,0.10016810121735338,0.04552215885003968,0.04552215885003968,0.94,0.0974393925336855
npc:i126:e124,124,3,joy_noise,0.0,False,0.0,0.0,0.0,0.0,0.0,0.0
npc:i127:e125,125,3,low_relevant,0.026162022528078623,True,0.026162022528078623,0.026162022528078623,0.011914973467663471,0.01191497346766347,0.08,0.0273739153072339
npc:i128:e126,126,3,positive_counter,0.10417482527364152,True,0.10417482527364152,0.10417482527364152,0.04734304520738327,0.04734304520738327,0.7,0.07718297576912543
npc:i129:e127,127,3,positive_core,0.15710582197712708,True,0.15710582197712705,0.1571058219771271,0.07136773928465262,0.07136773928465262,0.95,0.08791727072944323
npc:i12:e12,12,1,positive_counter,0.127461760666217,True,0.12746176066621703,0.127461760666217,0.05799344359215367,0.057993443592153665,0.6,0.1336294721450512
npc:i130:e128,128,3,negative_decoy,2.1800520315071147e-09,False,2.1800520319109116e-09,2.1800520311033174e-09,9.856731566080055e-10,9.856731565972066e-10,0.95,0.13655165075960002
npc:i131:e129,129,3,mixed_conflict,0.10016810121735338,True,0.10016810121735338,0.10016810121735338,0.04552215885003968,0.04552215885003968,0.94,0.09196817060707778
npc:i132:e130,130,3,joy_noise,0.0,False,0.0,0.0,0.0,0.0,0.0,0.0
npc:i133:e131,131,3,low_relevant,0.026162022528078623,True,0.026162022528078623,0.026162022528078623,0.011914973467663471,0.01191497346766347,0.08,0.028461583115337613
npc:i134:e132,132,3,positive_counter,0.10417482527364152,True,0.10417482527364152,0.10417482527364152,0.04734304520738327,0.04734304520738327,0.7,0.07586839127709803
npc:i135:e133,133,3,positive_core,0.15710582197712708,True,0.15710582197712705,0.1571058219771271,0.07136773928465262,0.07136773928465262,0.95,0.08891672111564239
npc:i136:e134,134,3,negative_decoy,2.1800520315071147e-09,False,2.1800520319109116e-09,2.1800520311033174e-09,9.856731566080055e-10,9.856731565972066e-10,0.95,0.1365284940413929
npc:i137:e135,135,3,mixed_conflict,0.10016810121735338,True,0.10016810121735338,0.10016810121735338,0.04552215885003968,0.04552215885003968,0.94,0.09201168995572978
npc:i138:e136,136,3,joy_noise,0.0,False,0.0,0.0,0.0,0.0,0.0,0.0
npc:i139:e137,137,3,low_relevant,0.026162022528078623,True,0.026162022528078623,0.026162022528078623,0.011914973467663471,0.01191497346766347,0.08,0.028595884153393866
npc:i13:e13,13,1,positive_core,0.20391874661301113,True,0.20391874661301113,0.20391874661301113,0.09233522875322553,0.09233522875322553,1.25,0.17478446577469783
npc:i140:e138,138,3,positive_counter,0.10417482527364152,True,0.10417482527364152,0.10417482527364152,0.04734304520738327,0.04734304520738327,0.7,0.07580298096229326
npc:i141:e139,139,3,positive_core,0.15710582197712708,True,0.15710582197712705,0.1571058219771271,0.07136773928465262,0.07136773928465262,0.95,0.08934949673877368
npc:i142:e140,140,3,negative_decoy,2.1800520315071147e-09,False,2.1800520319109116e-09,2.1800520311033174e-09,9.856731566080055e-10,9.856731565972066e-10,0.95,0.13649983639135146
npc:i143:e141,141,3,mixed_conflict,0.10016810121735338,True,0.10016810121735338,0.10016810121735338,0.04552215885003968,0.04552215885003968,0.94,0.09204513173363112
npc:i144:e142,142,3,joy_noise,0.0,False,0.0,0.0,0.0,0.0,0.0,0.0
npc:i145:e143,143,3,low_relevant,0.026162022528078623,True,0.026162022528078623,0.026162022528078623,0.011914973467663471,0.01191497346766347,0.08,0.028612467129086078
npc:i146:e144,144,3,positive_counter,0.10417482527364152,True,0.10417482527364152,0.10417482527364152,0.04734304520738327,0.04734304520738327,0.7,0.07579546219690082
npc:i147:e145,145,3,positive_core,0.15710582197712708,True,0.15710582197712705,0.1571058219771271,0.07136773928465262,0.07136773928465262,0.95,0.08948319373432162
npc:i148:e146,146,3,negative_decoy,2.1800520315071147e-09,False,2.1800520319109116e-09,2.1800520311033174e-09,9.856731566080055e-10,9.856731565972066e-10,0.95,0.13649170126703994
npc:i149:e147,147,3,mixed_conflict,0.10016810121735338,True,0.10016810121735338,0.10016810121735338,0.04552215885003968,0.04552215885003968,0.94,0.09205570714364955
npc:i14:e14,14,1,negative_decoy,5.994508602627682e-09,False,5.994508602627682e-09,5.994508602627682e-09,2.710311184664237e-09,2.710311184664237e-09,1.25,0.1471783349894517
npc:i150:e148,148,3,joy_noise,0.0,False,0.0,0.0,0.0,0.0,0.0,0.0
npc:i151:e149,149,3,low_relevant,0.026162022528078623,True,0.026162022528078623,0.026162022528078623,0.011914973467663471,0.01191497346766347,0.08,0.02861451473115072
npc:i152:e150,150,3,positive_counter,0.10417482527364152,True,0.10417482527364152,0.10417482527364152,0.04734304520738327,0.04734304520738327,0.7,0.07579453722950757
npc:i153:e151,151,3,positive_core,0.15710582197712708,True,0.15710582197712705,0.1571058219771271,0.07136773928465262,0.07136773928465262,0.95,0.08952403561838283
npc:i154:e152,152,3,negative_decoy,2.1800520315071147e-09,False,2.1800520319109116e-09,2.1800520311033174e-09,9.856731566080055e-10,9.856731565972066e-10,0.95,0.13648929285356634
npc:i155:e153,153,3,mixed_conflict,0.10016810121735338,True,0.10016810121735338,0.10016810121735338,0.04552215885003968,0.04552215885003968,0.94,0.09205894603148328
npc:i156:e154,154,3,joy_noise,0.0,False,0.0,0.0,0.0,0.0,0.0,0.0
npc:i157:e155,155,3,low_relevant,0.026162022528078623,True,0.026162022528078623,0.026162022528078623,0.011914973467663471,0.01191497346766347,0.08,0.02861476756117912
npc:i158:e156,156,3,positive_counter,0.10417482527364152,True,0.10417482527364152,0.10417482527364152,0.04734304520738327,0.04734304520738327,0.7,0.07579442304219805
npc:i159:e157,157,3,positive_core,0.15710582197712708,True,0.15710582197712705,0.1571058219771271,0.07136773928465262,0.07136773928465262,0.95,0.08953648635049045
npc:i15:e15,15,1,mixed_conflict,0.11897830842167899,True,0.11897830842167899,0.11897830842167899,0.05391843493595597,0.05391843493595597,0.98,0.11742136571776507
npc:i160:e158,158,3,negative_decoy,2.1800520315071147e-09,False,2.1800520319109116e-09,2.1800520311033174e-09,9.856731566080055e-10,9.856731565972066e-10,0.95,0.1364885658008147
npc:i161:e159,159,3,mixed_conflict,0.10016810121735338,True,0.10016810121735338,0.10016810121735338,0.04552215885003968,0.04552215885003968,0.94,0.09205993395584837
npc:i162:e160,160,3,joy_noise,0.0,False,0.0,0.0,0.0,0.0,0.0,0.0
npc:i163:e161,161,3,low_relevant,0.026162022528078623,True,0.026162022528078623,0.026162022528078623,0.011914973467663471,0.01191497346766347,0.08,0.028614798779658716
npc:i164:e162,162,3,positive_counter,0.10417482527364152,True,0.10417482527364152,0.10417482527364152,0.04734304520738327,0.04734304520738327,0.7,0.07579440894300103
npc:i165:e163,163,3,positive_core,0.15710582197712708,True,0.15710582197712705,0.1571058219771271,0.07136773928465262,0.07136773928465262,0.95,0.08954027970099378
npc:i166:e164,164,3,negative_decoy,2.1800520315071147e-09,False,2.1800520319109116e-09,2.1800520311033174e-09,9.856731566080055e-10,9.856731565972066e-10,0.95,0.13648834495420945
npc:i167:e165,165,3,mixed_conflict,0.10016810121735338,True,0.10016810121735338,0.10016810121735338,0.04552215885003968,0.04552215885003968,0.94,0.09206023499258276
npc:i168:e166,166,3,joy_noise,0.0,False,0.0,0.0,0.0,0.0,0.0,0.0
npc:i169:e167,167,3,low_relevant,0.026162022528078623,True,0.026162022528078623,0.026162022528078623,0.011914973467663471,0.01191497346766347,0.08,0.028614802634396534
npc:i16:e16,16,1,joy_noise,0.0,False,0.0,0.0,0.0,0.0,0.0,0.0
npc:i170:e168,168,3,positive_counter,0.10417482527364152,True,0.10417482527364152,0.10417482527364152,0.04734304520738327,0.04734304520738327,0.7,0.07579440720208881
npc:i171:e169,169,3,positive_core,0.15710582197712708,True,0.15710582197712705,0.1571058219771271,0.07136773928465262,0.07136773928465262,0.95,0.08954143520606783
npc:i172:e170,170,3,negative_decoy,2.1800520315071147e-09,False,2.1800520319109116e-09,2.1800520311033174e-09,9.856731566080055e-10,9.856731565972066e-10,0.95,0.13648827774295572
npc:i173:e171,171,3,mixed_conflict,0.10016810121735338,True,0.10016810121735338,0.10016810121735338,0.04552215885003968,0.04552215885003968,0.94,0.09206032669668422
npc:i174:e172,172,3,joy_noise,0.0,False,0.0,0.0,0.0,0.0,0.0,0.0
npc:i175:e173,173,3,low_relevant,0.026162022528078623,True,0.026162022528078623,0.026162022528078623,0.011914973467663471,0.01191497346766347,0.08,0.0286148031103647
npc:i176:e174,174,3,positive_counter,0.10417482527364152,True,0.10417482527364152,0.10417482527364152,0.04734304520738327,0.04734304520738327,0.7,0.0757944069871277
npc:i177:e175,175,3,positive_core,0.15710582197712708,True,0.15710582197712705,0.1571058219771271,0.07136773928465262,0.07136773928465262,0.95,0.08954178716876075
npc:i178:e176,176,3,negative_decoy,2.1800520315071147e-09,False,2.1800520319109116e-09,2.1800520311033174e-09,9.856731566080055e-10,9.856731565972066e-10,0.95,0.13648825727636033
npc:i179:e177,177,3,mixed_conflict,0.10016810121735338,True,0.10016810121735338,0.10016810121735338,0.04552215885003968,0.04552215885003968,0.94,0.0920603546298225
npc:i17:e17,17,1,low_relevant,0.016026896035302288,True,0.01602689603530226,0.016026896035302315,0.0072835453458241104,0.007283545345824114,0.08,0.016950635089677195
npc:i180:e178,178,3,joy_noise,0.0,False,0.0,0.0,0.0,0.0,0.0,0.0
npc:i181:e179,179,3,low_relevant,0.026162022528078623,True,0.026162022528078623,0.026162022528078623,0.011914973467663471,0.01191497346766347,0.08,0.02861480316913544
npc:i182:e180,180,3,positive_counter,0.10417482527364152,True,0.10417482527364152,0.10417482527364152,0.04734304520738327,0.04734304520738327,0.7,0.07579440696058512
npc:i184:e181,181,4,positive_core,0.2454875780589444,True,0.2454875780589444,0.2454875780589444,0.11050572407407316,0.11050572407407316,1.0,0.25220588060811916
npc:i185:e182,182,4,negative_decoy,6.5394639270436664e-09,False,6.5394639270436664e-09,6.5394639270436664e-09,2.956703110171493e-09,2.956703110171493e-09,1.0,0.13357425487791094
npc:i186:e183,183,4,mixed_conflict,0.11553381916889309,True,0.11553381916889309,0.11553381916889309,0.05223657572874222,0.05223657572874222,0.9199999999999999,0.1076153557381507
npc:i187:e184,184,4,joy_noise,0.0,False,0.0,0.0,0.0,0.0,0.0,0.0
npc:i188:e185,185,4,low_relevant,0.026162022528078623,True,0.026162022528078623,0.026162022528078623,0.011914973467663471,0.01191497346766347,0.08,0.02642287278466044
npc:i189:e186,186,4,positive_counter,0.09015129107663301,True,0.09015129107663301,0.09015129107663301,0.04096994295668069,0.04096994295668068,0.67,0.08470464353629197
npc:i18:e18,18,1,positive_counter,0.127461760666217,True,0.12746176066621703,0.127461760666217,0.05799344359215367,0.057993443592153665,0.6,0.13338759595083083
npc:i190:e187,187,4,positive_core,0.2454875780589444,True,0.2454875780589444,0.2454875780589444,0.11050572407407316,0.11050572407407316,1.0,0.21418712988611058
npc:i191:e188,188,4,negative_decoy,6.5394639270436664e-09,False,6.5394639270436664e-09,6.5394639270436664e-09,2.956703110171493e-09,2.956703110171493e-09,1.0,0.14955483083536678
npc:i192:e189,189,4,mixed_conflict,0.11553381916889309,True,0.11553381916889309,0.11553381916889309,0.05223657572874222,0.05223657572874222,0.9199999999999999,0.10110698761806529
npc:i193:e190,190,4,joy_noise,0.0,False,0.0,0.0,0.0,0.0,0.0,0.0
npc:i194:e191,191,4,low_relevant,0.026162022528078623,True,0.026162022528078623,0.026162022528078623,0.011914973467663471,0.01191497346766347,0.08,0.026276007222754697
npc:i195:e192,192,4,positive_counter,0.09015129107663301,True,0.09015129107663301,0.09015129107663301,0.04096994295668069,0.04096994295668068,0.67,0.08805028402594466
npc:i196:e193,193,4,positive_core,0.2454875780589444,True,0.2454875780589444,0.2454875780589444,0.11050572407407316,0.11050572407407316,1.0,0.2126879971397016
npc:i197:e194,194,4,negative_decoy,6.5394639270436664e-09,False,6.5394639270436664e-09,6.5394639270436664e-09,2.956703110171493e-09,2.956703110171493e-09,1.0,0.1502268815188902
npc:i198:e195,195,4,mixed_conflict,0.11553381916889309,True,0.11553381916889309,0.11553381916889309,0.05223657572874222,0.05223657572874222,0.9199999999999999,0.10068796715370848
npc:i199:e196,196,4,joy_noise,0.0,False,0.0,0.0,0.0,0.0,0.0,0.0
npc:i19:e19,19,1,positive_core,0.20391874661301113,True,0.20391874661301113,0.20391874661301113,0.09233522875322553,0.09233522875322553,1.25,0.17467530764151804
npc:i1:e1,1,1,positive_core,0.20391874661301113,True,0.20391874661301113,0.20391874661301113,0.09233522875322553,0.09233522875322553,1.25,0.22657638936564523
npc:i200:e197,197,4,low_relevant,0.026162022528078623,True,0.026162022528078623,0.026162022528078623,0.011914973467663471,0.01191497346766347,0.08,0.026268045781145177
npc:i201:e198,198,4,positive_counter,0.09015129107663301,True,0.09015129107663301,0.09015129107663301,0.04096994295668069,0.04096994295668068,0.67,0.08844412577208148
npc:i202:e199,199,4,positive_core,0.2454875780589444,True,0.2454875780589444,0.2454875780589444,0.11050572407407316,0.11050572407407316,1.0,0.21262785861185388
npc:i203:e200,200,4,negative_decoy,6.5394639270436664e-09,False,6.5394639270436664e-09,6.5394639270436664e-09,2.956703110171493e-09,2.956703110171493e-09,1.0,0.15025685232007116
npc:i204:e201,201,4,mixed_conflict,0.11553381916889309,True,0.11553381916889309,0.11553381916889309,0.05223657572874222,0.05223657572874222,0.9199999999999999,0.10065100806277882
npc:i205:e202,202,4,joy_noise,0.0,False,0.0,0.0,0.0,0.0,0.0,0.0
npc:i206:e203,203,4,low_relevant,0.026162022528078623,True,0.026162022528078623,0.026162022528078623,0.011914973467663471,0.01191497346766347,0.08,0.026267614199011944
npc:i207:e204,204,4,positive_counter,0.09015129107663301,True,0.09015129107663301,0.09015129107663301,0.04096994295668069,0.04096994295668068,0.67,0.08849035034319616
npc:i208:e205,205,4,positive_core,0.2454875780589444,True,0.2454875780589444,0.2454875780589444,0.11050572407407316,0.11050572407407316,1.0,0.2126255067469367
npc:i209:e206,206,4,negative_decoy,6.5394639270436664e-09,False,6.5394639270436664e-09,6.5394639270436664e-09,2.956703110171493e-09,2.956703110171493e-09,1.0,0.15025836366567868
npc:i20:e20,20,1,negative_decoy,5.994508602627682e-09,False,5.994508602627682e-09,5.994508602627682e-09,2.710311184664237e-09,2.710311184664237e-09,1.25,0.14721375560893274
npc:i210:e207,207,4,mixed_conflict,0.11553381916889309,True,0.11553381916889309,0.11553381916889309,0.05223657572874222,0.05223657572874222,0.9199999999999999,0.10064712056127863
npc:i211:e208,208,4,joy_noise,0.0,False,0.0,0.0,0.0,0.0,0.0,0.0
npc:i212:e209,209,4,low_relevant,0.026162022528078623,True,0.026162022528078623,0.026162022528078623,0.011914973467663471,0.01191497346766347,0.08,0.0262675908033574
npc:i213:e210,210,4,positive_counter,0.09015129107663301,True,0.09015129107663301,0.09015129107663301,0.04096994295668069,0.04096994295668068,0.67,0.08849577290181128
npc:i214:e211,211,4,positive_core,0.2454875780589444,True,0.2454875780589444,0.2454875780589444,0.11050572407407316,0.11050572407407316,1.0,0.21262542632505965
npc:i215:e212,212,4,negative_decoy,6.5394639270436664e-09,False,6.5394639270436664e-09,6.5394639270436664e-09,2.956703110171493e-09,2.956703110171493e-09,1.0,0.1502584569456454
npc:i216:e213,213,4,mixed_conflict,0.11553381916889309,True,0.11553381916889309,0.11553381916889309,0.05223657572874222,0.05223657572874222,0.9199999999999999,0.10064668139858661
npc:i217:e214,214,4,joy_noise,0.0,False,0.0,0.0,0.0,0.0,0.0,0.0
npc:i218:e215,215,4,low_relevant,0.026162022528078623,True,0.026162022528078623,0.026162022528078623,0.011914973467663471,0.01191497346766347,0.08,0.02626758953510134
npc:i219:e216,216,4,positive_counter,0.09015129107663301,True,0.09015129107663301,0.09015129107663301,0.04096994295668069,0.04096994295668068,0.67,0.08849640892929558
npc:i21:e21,21,1,mixed_conflict,0.11897830842167899,True,0.11897830842167899,0.11897830842167899,0.05391843493595597,0.05391843493595597,0.98,0.11744830606166906
npc:i220:e217,217,4,positive_core,0.2454875780589444,True,0.2454875780589444,0.2454875780589444,0.11050572407407316,0.11050572407407316,1.0,0.2126254252242051
npc:i221:e218,218,4,negative_decoy,6.5394639270436664e-09,False,6.5394639270436664e-09,6.5394639270436664e-09,2.956703110171493e-09,2.956703110171493e-09,1.0,0.15025846427303843
npc:i222:e219,219,4,mixed_conflict,0.11553381916889309,True,0.11553381916889309,0.11553381916889309,0.05223657572874222,0.05223657572874222,0.9199999999999999,0.10064663052679304
npc:i223:e220,220,4,joy_noise,0.0,False,0.0,0.0,0.0,0.0,0.0,0.0
npc:i224:e221,221,4,low_relevant,0.026162022528078623,True,0.026162022528078623,0.026162022528078623,0.011914973467663471,0.01191497346766347,0.08,0.02626758946635039
npc:i225:e222,222,4,positive_counter,0.09015129107663301,True,0.09015129107663301,0.09015129107663301,0.04096994295668069,0.04096994295668068,0.67,0.08849648352763191
npc:i226:e223,223,4,positive_core,0.2454875780589444,True,0.2454875780589444,0.2454875780589444,0.11050572407407316,0.11050572407407316,1.0,0.2126254254606242
npc:i227:e224,224,4,negative_decoy,6.5394639270436664e-09,False,6.5394639270436664e-09,6.5394639270436664e-09,2.956703110171493e-09,2.956703110171493e-09,1.0,0.15025846497235953
npc:i228:e225,225,4,mixed_conflict,0.11553381916889309,True,0.11553381916889309,0.11553381916889309,0.05223657572874222,0.05223657572874222,0.9199999999999999,0.10064662458441986
npc:i229:e226,226,4,joy_noise,0.0,False,0.0,0.0,0.0,0.0,0.0,0.0
npc:i22:e22,22,1,joy_noise,0.0,False,0.0,0.0,0.0,0.0,0.0,0.0
npc:i230:e227,227,4,low_relevant,0.026162022528078623,True,0.026162022528078623,0.026162022528078623,0.011914973467663471,0.01191497346766347,0.08,0.026267589462623493
npc:i231:e228,228,4,positive_counter,0.09015129107663301,True,0.09015129107663301,0.09015129107663301,0.04096994295668069,0.04096994295668068,0.67,0.08849649227699714
npc:i232:e229,229,4,positive_core,0.2454875780589444,True,0.2454875780589444,0.2454875780589444,0.11050572407407316,0.11050572407407316,1.0,0.21262542550488972
npc:i233:e230,230,4,negative_decoy,6.5394639270436664e-09,False,6.5394639270436664e-09,6.5394639270436664e-09,2.956703110171493e-09,2.956703110171493e-09,1.0,0.15025846504706475
npc:i234:e231,231,4,mixed_conflict,0.11553381916889309,True,0.11553381916889309,0.11553381916889309,0.05223657572874222,0.05223657572874222,0.9199999999999999,0.10064662388838413
npc:i235:e232,232,4,joy_noise,0.0,False,0.0,0.0,0.0,0.0,0.0,0.0
npc:i236:e233,233,4,low_relevant,0.026162022528078623,True,0.026162022528078623,0.026162022528078623,0.011914973467663471,0.01191497346766347,0.08,0.02626758946242143
npc:i237:e234,234,4,positive_counter,0.09015129107663301,True,0.09015129107663301,0.09015129107663301,0.04096994295668069,0.04096994295668068,0.67,0.08849649330317365
npc:i238:e235,235,4,positive_core,0.2454875780589444,True,0.2454875780589444,0.2454875780589444,0.11050572407407316,0.11050572407407316,1.0,0.2126254255108531
npc:i239:e236,236,4,negative_decoy,6.5394639270436664e-09,False,6.5394639270436664e-09,6.5394639270436664e-09,2.956703110171493e-09,2.956703110171493e-09,1.0,0.15025846505548193
npc:i23:e23,23,1,low_relevant,0.016026896035302288,True,0.01602689603530226,0.016026896035302315,0.0072835453458241104,0.007283545345824114,0.08,0.016891253223234787
npc:i240:e237,237,4,mixed_conflict,0.11553381916889309,True,0.11553381916889309,0.11553381916889309,0.05223657572874222,0.05223657572874222,0.9199999999999999,0.10064662380678421
npc:i241:e238,238,4,joy_noise,0.0,False,0.0,0.0,0.0,0.0,0.0,0.0
npc:i242:e239,239,4,low_relevant,0.026162022528078623,True,0.026162022528078623,0.026162022528078623,0.011914973467663471,0.01191497346766347,0.08,0.026267589462410475
npc:i243:e240,240,4,positive_counter,0.09015129107663301,True,0.09015129107663301,0.09015129107663301,0.04096994295668069,0.04096994295668068,0.67,0.08849649342352946
npc:i24:e24,24,1,positive_counter,0.127461760666217,True,0.12746176066621703,0.127461760666217,0.05799344359215367,0.057993443592153665,0.6,0.13337435582990476
npc:i25:e25,25,1,positive_core,0.20391874661301113,True,0.20391874661301113,0.20391874661301113,0.09233522875322553,0.09233522875322553,1.25,0.17466496816787855
npc:i26:e26,26,1,negative_decoy,5.994508602627682e-09,False,5.994508602627682e-09,5.994508602627682e-09,2.710311184664237e-09,2.710311184664237e-09,1.25,0.1472171152864633
npc:i27:e27,27,1,mixed_conflict,0.11897830842167899,True,0.11897830842167899,0.11897830842167899,0.05391843493595597,0.05391843493595597,0.98,0.11744976766131451
npc:i28:e28,28,1,joy_noise,0.0,False,0.0,0.0,0.0,0.0,0.0,0.0
npc:i29:e29,29,1,low_relevant,0.016026896035302288,True,0.01602689603530226,0.016026896035302315,0.0072835453458241104,0.007283545345824114,0.08,0.01687116712421387
npc:i2:e2,2,1,negative_decoy,5.994508602627682e-09,False,5.994508602627682e-09,5.994508602627682e-09,2.710311184664237e-09,2.710311184664237e-09,1.25,0.13129722770994554
npc:i30:e30,30,1,positive_counter,0.127461760666217,True,0.12746176066621703,0.127461760666217,0.05799344359215367,0.057993443592153665,0.6,0.13337363039294725
npc:i31:e31,31,1,positive_core,0.20391874661301113,True,0.20391874661301113,0.20391874661301113,0.09233522875322553,0.09233522875322553,1.25,0.17466397303295586
npc:i32:e32,32,1,negative_decoy,5.994508602627682e-09,False,5.994508602627682e-09,5.994508602627682e-09,2.710311184664237e-09,2.710311184664237e-09,1.25,0.14721743868184703
npc:i33:e33,33,1,mixed_conflict,0.11897830842167899,True,0.11897830842167899,0.11897830842167899,0.05391843493595597,0.05391843493595597,0.98,0.11744984570980518
npc:i34:e34,34,1,joy_noise,0.0,False,0.0,0.0,0.0,0.0,0.0,0.0
npc:i35:e35,35,1,low_relevant,0.016026896035302288,True,0.01602689603530226,0.016026896035302315,0.0072835453458241104,0.007283545345824114,0.08,0.016864372939422303
npc:i36:e36,36,1,positive_counter,0.127461760666217,True,0.12746176066621703,0.127461760666217,0.05799344359215367,0.057993443592153665,0.6,0.13337359064095752
npc:i37:e37,37,1,positive_core,0.20391874661301113,True,0.20391874661301113,0.20391874661301113,0.09233522875322553,0.09233522875322553,1.25,0.17466387713762102
npc:i38:e38,38,1,negative_decoy,5.994508602627682e-09,False,5.994508602627682e-09,5.994508602627682e-09,2.710311184664237e-09,2.710311184664237e-09,1.25,0.14721746984589804
npc:i39:e39,39,1,mixed_conflict,0.11897830842167899,True,0.11897830842167899,0.11897830842167899,0.05391843493595597,0.05391843493595597,0.98,0.11744984978560874
npc:i3:e3,3,1,mixed_conflict,0.11897830842167899,True,0.11897830842167899,0.11897830842167899,0.05391843493595597,0.05391843493595597,0.98,0.11307355613639089
npc:i40:e40,40,1,joy_noise,0.0,False,0.0,0.0,0.0,0.0,0.0,0.0
npc:i41:e41,41,1,low_relevant,0.016026896035302288,True,0.01602689603530226,0.016026896035302315,0.0072835453458241104,0.007283545345824114,0.08,0.016862074785513274
npc:i42:e42,42,1,positive_counter,0.127461760666217,True,0.12746176066621703,0.127461760666217,0.05799344359215367,0.057993443592153665,0.6,0.13337358846262226
npc:i43:e43,43,1,positive_core,0.20391874661301113,True,0.20391874661301113,0.20391874661301113,0.09233522875322553,0.09233522875322553,1.25,0.17466386789588795
npc:i44:e44,44,1,negative_decoy,5.994508602627682e-09,False,5.994508602627682e-09,5.994508602627682e-09,2.710311184664237e-09,2.710311184664237e-09,1.25,0.1472174728492778
npc:i45:e45,45,1,mixed_conflict,0.11897830842167899,True,0.11897830842167899,0.11897830842167899,0.05391843493595597,0.05391843493595597,0.98,0.11744984998954504
npc:i46:e46,46,1,joy_noise,0.0,False,0.0,0.0,0.0,0.0,0.0,0.0
npc:i47:e47,47,1,low_relevant,0.016026896035302288,True,0.01602689603530226,0.016026896035302315,0.0072835453458241104,0.007283545345824114,0.08,0.016861297427882952
npc:i48:e48,48,1,positive_counter,0.127461760666217,True,0.12746176066621703,0.127461760666217,0.05799344359215367,0.057993443592153665,0.6,0.13337358834325325
npc:i49:e49,49,1,positive_core,0.20391874661301113,True,0.20391874661301113,0.20391874661301113,0.09233522875322553,0.09233522875322553,1.25,0.1746638670052269
npc:i4:e4,4,1,joy_noise,0.0,False,0.0,0.0,0.0,0.0,0.0,0.0
npc:i50:e50,50,1,negative_decoy,5.994508602627682e-09,False,5.994508602627682e-09,5.994508602627682e-09,2.710311184664237e-09,2.710311184664237e-09,1.25,0.14721747313872496
npc:i51:e51,51,1,mixed_conflict,0.11897830842167899,True,0.11897830842167899,0.11897830842167899,0.05391843493595597,0.05391843493595597,0.98,0.11744984999884953
npc:i52:e52,52,1,joy_noise,0.0,False,0.0,0.0,0.0,0.0,0.0,0.0
npc:i53:e53,53,1,low_relevant,0.016026896035302288,True,0.01602689603530226,0.016026896035302315,0.0072835453458241104,0.007283545345824114,0.08,0.016861034484272844
npc:i54:e54,54,1,positive_counter,0.127461760666217,True,0.12746176066621703,0.127461760666217,0.05799344359215367,0.057993443592153665,0.6,0.13337358833671206
npc:i55:e55,55,1,positive_core,0.20391874661301113,True,0.20391874661301113,0.20391874661301113,0.09233522875322553,0.09233522875322553,1.25,0.17466386691939048
npc:i56:e56,56,1,negative_decoy,5.994508602627682e-09,False,5.994508602627682e-09,5.994508602627682e-09,2.710311184664237e-09,2.710311184664237e-09,1.25,0.1472174731666201
npc:i57:e57,57,1,mixed_conflict,0.11897830842167899,True,0.11897830842167899,0.11897830842167899,0.05391843493595597,0.05391843493595597,0.98,0.11744984999917908
npc:i58:e58,58,1,joy_noise,0.0,False,0.0,0.0,0.0,0.0,0.0,0.0
npc:i59:e59,59,1,low_relevant,0.016026896035302288,True,0.01602689603530226,0.016026896035302315,0.0072835453458241104,0.007283545345824114,0.08,0.016860945542787734
npc:i5:e5,5,1,low_relevant,0.016026896035302288,True,0.01602689603530226,0.016026896035302315,0.0072835453458241104,0.007283545345824114,0.08,0.01764519319434443
npc:i60:e60,60,1,positive_counter,0.127461760666217,True,0.12746176066621703,0.127461760666217,0.05799344359215367,0.057993443592153665,0.6,0.1333735883363536
npc:i62:e61,61,2,positive_core,0.24409376763620935,True,0.24409376763620935,0.24409376763620932,0.11112259205336104,0.11112259205336103,1.0,0.20152716056861403
npc:i63:e62,62,2,negative_decoy,0.0,False,0.0,0.0,2.42434975903054e-20,2.42434975903054e-20,1.0,0.18867680723553623
npc:i64:e63,63,2,mixed_conflict,0.18313415840244557,True,0.18313415840244557,0.18313415840244557,0.0834048145836299,0.0834048145836299,1.04,0.17860611672553678
npc:i65:e64,64,2,joy_noise,0.0,False,0.0,0.0,0.0,0.0,0.0,0.0
npc:i66:e65,65,2,low_relevant,0.016026896035302288,True,0.01602689603530226,0.016026896035302315,0.0072835453458241104,0.007283545345824114,0.08,0.017237368771474845
npc:i67:e66,66,2,positive_counter,0.11821375712766354,True,0.11821375712766356,0.11821375712766352,0.053532746443501096,0.053532746443501096,0.72,0.11797992181641519
npc:i68:e67,67,2,positive_core,0.24409376763620935,True,0.24409376763620935,0.24409376763620932,0.11112259205336104,0.11112259205336103,1.0,0.22700630698640237
npc:i69:e68,68,2,negative_decoy,0.0,False,0.0,0.0,2.42434975903054e-20,2.42434975903054e-20,1.0,0.18302761005313747
npc:i6:e6,6,1,positive_counter,0.127461760666217,True,0.12746176066621703,0.127461760666217,0.05799344359215367,0.057993443592153665,0.6,0.13808140844325423
npc:i70:e69,69,2,mixed_conflict,0.18313415840244557,True,0.18313415840244557,0.18313415840244557,0.0834048145836299,0.0834048145836299,1.04,0.1790668534986355
npc:i71:e70,70,2,joy_noise,0.0,False,0.0,0.0,0.0,0.0,0.0,0.0
npc:i72:e71,71,2,low_relevant,0.016026896035302288,True,0.01602689603530226,0.016026896035302315,0.0072835453458241104,0.007283545345824114,0.08,0.017303578455390857
npc:i73:e72,72,2,positive_counter,0.11821375712766354,True,0.11821375712766356,0.11821375712766352,0.053532746443501096,0.053532746443501096,0.72,0.1133459936020181
npc:i74:e73,73,2,positive_core,0.24409376763620935,True,0.24409376763620935,0.24409376763620932,0.11112259205336104,0.11112259205336103,1.0,0.22708662668993915
npc:i75:e74,74,2,negative_decoy,0.0,False,0.0,0.0,2.42434975903054e-20,2.42434975903054e-20,1.0,0.18300161256556569
npc:i76:e75,75,2,mixed_conflict,0.18313415840244557,True,0.18313415840244557,0.18313415840244557,0.0834048145836299,0.0834048145836299,1.04,0.1789617456814319
npc:i77:e76,76,2,joy_noise,0.0,False,0.0,0.0,0.0,0.0,0.0,0.0
npc:i78:e77,77,2,low_relevant,0.016026896035302288,True,0.01602689603530226,0.016026896035302315,0.0072835453458241104,0.007283545345824114,0.08,0.017315224182620683
npc:i79:e78,78,2,positive_counter,0.11821375712766354,True,0.11821375712766356,0.11821375712766352,0.053532746443501096,0.053532746443501096,0.72,0.1119959884694437
npc:i7:e7,7,1,positive_core,0.20391874661301113,True,0.20391874661301113,0.20391874661301113,0.09233522875322553,0.09233522875322553,1.25,0.17617217628634607
npc:i80:e79,79,2,positive_core,0.24409376763620935,True,0.24409376763620935,0.24409376763620932,0.11112259205336104,0.11112259205336103,1.0,0.22705568623095562
npc:i81:e80,80,2,negative_decoy,0.0,False,0.0,0.0,2.42434975903054e-20,2.42434975903054e-20,1.0,0.18297971387666728
npc:i82:e81,81,2,mixed_conflict,0.18313415840244557,True,0.18313415840244557,0.18313415840244557,0.0834048145836299,0.0834048145836299,1.04,0.17892878376885188
npc:i83:e82,82,2,joy_noise,0.0,False,0.0,0.0,0.0,0.0,0.0,0.0
npc:i84:e83,83,2,low_relevant,0.016026896035302288,True,0.01602689603530226,0.016026896035302315,0.0072835453458241104,0.007283545345824114,0.08,0.017317272568214602
npc:i85:e84,84,2,positive_counter,0.11821375712766354,True,0.11821375712766356,0.11821375712766352,0.053532746443501096,0.053532746443501096,0.72,0.11156337063913137
npc:i86:e85,85,2,positive_core,0.24409376763620935,True,0.24409376763620935,0.24409376763620932,0.11112259205336104,0.11112259205336103,1.0,0.22704562097239836
npc:i87:e86,86,2,negative_decoy,0.0,False,0.0,0.0,2.42434975903054e-20,2.42434975903054e-20,1.0,0.18297047148082204
npc:i88:e87,87,2,mixed_conflict,0.18313415840244557,True,0.18313415840244557,0.18313415840244557,0.0834048145836299,0.0834048145836299,1.04,0.1789194493047975
npc:i89:e88,88,2,joy_noise,0.0,False,0.0,0.0,0.0,0.0,0.0,0.0
npc:i8:e8,8,1,negative_decoy,5.994508602627682e-09,False,5.994508602627682e-09,5.994508602627682e-09,2.710311184664237e-09,2.710311184664237e-09,1.25,0.14673323839095198
npc:i90:e89,89,2,low_relevant,0.016026896035302288,True,0.01602689603530226,0.016026896035302315,0.0072835453458241104,0.007283545345824114,0.08,0.017317632862033836
npc:i91:e90,90,2,positive_counter,0.11821375712766354,True,0.11821375712766356,0.11821375712766352,0.053532746443501096,0.053532746443501096,0.72,0.11142079009407392
npc:i92:e91,91,2,positive_core,0.24409376763620935,True,0.24409376763620935,0.24409376763620932,0.11112259205336104,0.11112259205336103,1.0,0.22704230771433248
npc:i93:e92,92,2,negative_decoy,0.0,False,0.0,0.0,2.42434975903054e-20,2.42434975903054e-20,1.0,0.18296742549122383
npc:i94:e93,93,2,mixed_conflict,0.18313415840244557,True,0.18313415840244557,0.18313415840244557,0.0834048145836299,0.0834048145836299,1.04,0.1789166138171859
npc:i95:e94,94,2,joy_noise,0.0,False,0.0,0.0,0.0,0.0,0.0,0.0
npc:i96:e95,95,2,low_relevant,0.016026896035302288,True,0.01602689603530226,0.016026896035302315,0.0072835453458241104,0.007283545345824114,0.08,0.017317696234690115
npc:i97:e96,96,2,positive_counter,0.11821375712766354,True,0.11821375712766356,0.11821375712766352,0.053532746443501096,0.053532746443501096,0.72,0.11137343504563811
npc:i98:e97,97,2,positive_core,0.24409376763620935,True,0.24409376763620935,0.24409376763620932,0.11112259205336104,0.11112259205336103,1.0,0.2270412080647936
npc:i99:e98,98,2,negative_decoy,0.0,False,0.0,0.0,2.42434975903054e-20,2.42434975903054e-20,1.0,0.18296641445959902
npc:i9:e9,9,1,mixed_conflict,0.11897830842167899,True,0.11897830842167899,0.11897830842167899,0.05391843493595597,0.05391843493595597,0.98,0.11694781565533328
