budget,captured_value,value_fraction,material_retained,material_total,material_fraction,meets_gate
0,0,0.0,0,160,0.0,False
1,0.2454875780589444,0.012969548056939428,1,160,0.00625,False
2,0.4909751561178888,0.025939096113878856,2,160,0.0125,False
3,0.7364627341768332,0.03890864417081829,3,160,0.01875,False
4,0.9819503122357776,0.05187819222775771,4,160,0.025,False
5,1.227437890294722,0.06484774028469716,5,160,0.03125,False
6,1.4729254683536663,0.07781728834163658,6,160,0.0375,False
7,1.7184130464126106,0.090786836398576,7,160,0.04375,False
8,1.9639006244715551,0.10375638445551542,8,160,0.05,False
9,2.2093882025304996,0.11672593251245486,9,160,0.05625,False
10,2.454875780589444,0.1296954805693943,10,160,0.0625,False
11,2.6989695482256533,0.14259139112743108,11,160,0.06875,False
12,2.9430633158618624,0.15548730168546787,12,160,0.075,False
13,3.187157083498072,0.1683832122435047,13,160,0.08125,False
14,3.431250851134281,0.18127912280154146,14,160,0.0875,False
15,3.675344618770491,0.19417503335957828,15,160,0.09375,False
16,3.9194383864067,0.20707094391761507,16,160,0.1,False
17,4.163532154042909,0.21996685447565187,17,160,0.10625,False
18,4.407625921679118,0.23286276503368863,18,160,0.1125,False
19,4.651719689315328,0.24575867559172548,19,160,0.11875,False
20,4.8958134569515375,0.2586545861497623,20,160,0.125,False
21,5.099732203564549,0.2694279784526236,21,160,0.13125,False
22,5.30365095017756,0.28020137075548496,22,160,0.1375,False
23,5.507569696790571,0.2909747630583463,23,160,0.14375,False
24,5.7114884434035815,0.3017481553612076,24,160,0.15,False
25,5.915407190016593,0.3125215476640689,25,160,0.15625,False
26,6.119325936629604,0.32329493996693026,26,160,0.1625,False
27,6.323244683242615,0.3340683322697916,27,160,0.16875,False
28,6.5271634298556265,0.34484172457265294,28,160,0.175,False
29,6.731082176468638,0.3556151168755143,29,160,0.18125,False
30,6.935000923081649,0.3663885091783756,30,160,0.1875,False
31,7.118135081484095,0.3760638144913694,31,160,0.19375,False
32,7.3012692398865395,0.3857391198043631,32,160,0.2,False
33,7.484403398288985,0.39541442511735686,33,160,0.20625,False
34,7.667537556691431,0.4050897304303506,34,160,0.2125,False
35,7.850671715093877,0.4147650357433444,35,160,0.21875,False
36,8.033805873496322,0.42444034105633816,36,160,0.225,False
37,8.216940031898767,0.4341156463693319,37,160,0.23125,False
38,8.400074190301213,0.4437909516823257,38,160,0.2375,False
39,8.583208348703659,0.45346625699531945,39,160,0.24375,False
40,8.766342507106105,0.4631415623083132,40,160,0.25,False
41,8.923448329083232,0.47144174402939437,41,160,0.25625,False
42,9.080554151060358,0.4797419257504754,42,160,0.2625,False
43,9.237659973037486,0.4880421074715565,43,160,0.26875,False
44,9.394765795014612,0.49634228919263756,44,160,0.275,False
45,9.55187161699174,0.5046424709137187,45,160,0.28125,False
46,9.708977438968867,0.5129426526347999,46,160,0.2875,False
47,9.866083260945993,0.5212428343558809,47,160,0.29375,False
48,10.023189082923121,0.5295430160769621,48,160,0.3,False
49,10.180294904900249,0.5378431977980431,49,160,0.30625,False
50,10.337400726877375,0.5461433795191242,50,160,0.3125,False
51,10.464862487543591,0.5528774124321284,51,160,0.31875,False
52,10.59232424820981,0.5596114453451326,52,160,0.325,False
53,10.719786008876026,0.5663454782581367,53,160,0.33125,False
54,10.847247769542243,0.5730795111711409,54,160,0.3375,False
55,10.974709530208461,0.5798135440841452,55,160,0.34375,False
56,11.102171290874677,0.5865475769971493,56,160,0.35,False
57,11.229633051540894,0.5932816099101534,57,160,0.35625,False
58,11.35709481220711,0.6000156428231576,58,160,0.3625,False
59,11.484556572873329,0.6067496757361619,59,160,0.36875,False
60,11.612018333539545,0.613483708649166,60,160,0.375,False
61,11.730996641961225,0.6197695455986748,61,160,0.38125,False
62,11.849974950382903,0.6260553825481835,62,160,0.3875,False
63,11.968953258804582,0.6323412194976923,63,160,0.39375,False
64,12.087931567226262,0.6386270564472011,64,160,0.4,False
65,12.20690987564794,0.6449128933967098,65,160,0.40625,False
66,12.325888184069619,0.6511987303462184,66,160,0.4125,False
67,12.444866492491299,0.6574845672957272,67,160,0.41875,False
68,12.563844800912976,0.6637704042452359,68,160,0.425,False
69,12.682823109334656,0.6700562411947447,69,160,0.43125,False
70,12.801801417756336,0.6763420781442535,70,160,0.4375,False
71,12.920015174883998,0.6825875224807098,71,160,0.44375,False
72,13.038228932011663,0.6888329668171661,72,160,0.45,False
73,13.156442689139325,0.6950784111536222,73,160,0.45625,False
74,13.27465644626699,0.7013238554900786,74,160,0.4625,False
75,13.392870203394653,0.7075692998265348,75,160,0.46875,False
76,13.511083960522317,0.7138147441629911,76,160,0.475,False
77,13.62929771764998,0.7200601884994473,77,160,0.48125,False
78,13.747511474777644,0.7263056328359037,78,160,0.4875,False
79,13.865725231905307,0.7325510771723599,79,160,0.49375,False
80,13.983938989032971,0.7387965215088161,80,160,0.5,False
81,14.099472808201863,0.7449003799270735,81,160,0.50625,False
82,14.215006627370757,0.7510042383453309,82,160,0.5125,False
83,14.330540446539649,0.7571080967635883,83,160,0.51875,False
84,14.446074265708543,0.7632119551818457,84,160,0.525,False
85,14.561608084877436,0.7693158136001031,85,160,0.53125,False
86,14.677141904046328,0.7754196720183605,86,160,0.5375,False
87,14.792675723215222,0.7815235304366179,87,160,0.54375,False
88,14.908209542384116,0.7876273888548754,88,160,0.55,False
89,15.023743361553008,0.7937312472731327,89,160,0.55625,False
90,15.139277180721901,0.7998351056913902,90,160,0.5625,False
91,15.243452005995543,0.8053388481348687,91,160,0.56875,False
92,15.347626831269185,0.8108425905783472,92,160,0.575,False
93,15.451801656542825,0.8163463330218257,93,160,0.58125,False
94,15.555976481816467,0.8218500754653042,94,160,0.5875,False
95,15.660151307090109,0.8273538179087828,95,160,0.59375,False
96,15.76432613236375,0.8328575603522613,96,160,0.6,False
97,15.868500957637393,0.8383613027957398,97,160,0.60625,False
98,15.972675782911034,0.8438650452392185,98,160,0.6125,False
99,16.076850608184674,0.8493687876826969,99,160,0.61875,False
100,16.181025433458316,0.8548725301261755,100,160,0.625,False
101,16.28119353467567,0.8601645901675959,101,160,0.63125,False
102,16.381361635893022,0.8654566502090164,102,160,0.6375,False
103,16.481529737110378,0.8707487102504371,103,160,0.64375,False
104,16.58169783832773,0.8760407702918576,104,160,0.65,False
105,16.681865939545084,0.881332830333278,105,160,0.65625,False
106,16.782034040762436,0.8866248903746985,106,160,0.6625,False
107,16.88220214197979,0.891916950416119,107,160,0.66875,False
108,16.982370243197142,0.8972090104575394,108,160,0.675,False
109,17.0825383444145,0.9025010704989601,109,160,0.68125,False
110,17.18270644563185,0.9077931305403806,110,160,0.6875,False
111,17.272857736708485,0.9125559845766561,111,160,0.69375,False
112,17.363009027785118,0.9173188386129315,112,160,0.7,False
113,17.453160318861748,0.9220816926492068,113,160,0.70625,False
114,17.54331160993838,0.9268445466854823,114,160,0.7125,False
115,17.633462901015015,0.9316074007217577,115,160,0.71875,False
116,17.72361419209165,0.9363702547580333,116,160,0.725,False
117,17.813765483168282,0.9411331087943087,117,160,0.73125,False
118,17.903916774244916,0.9458959628305842,118,160,0.7375,False
119,17.994068065321546,0.9506588168668595,119,160,0.74375,False
120,18.08421935639818,0.9554216709031349,120,160,0.75,False
121,18.11038137892626,0.9568038573710922,121,160,0.75625,False
122,18.136543401454336,0.9581860438390493,122,160,0.7625,False
123,18.162705423982416,0.9595682303070064,123,160,0.76875,False
124,18.188867446510496,0.9609504167749636,124,160,0.775,False
125,18.215029469038573,0.9623326032429207,125,160,0.78125,False
126,18.241191491566653,0.963714789710878,126,160,0.7875,False
127,18.26735351409473,0.9650969761788349,127,160,0.79375,False
128,18.29351553662281,0.9664791626467922,128,160,0.8,False
129,18.31967755915089,0.9678613491147494,129,160,0.80625,False
130,18.345839581678966,0.9692435355827065,130,160,0.8125,False
131,18.372001604207046,0.9706257220506637,131,160,0.81875,False
132,18.398163626735123,0.9720079085186207,132,160,0.825,False
133,18.424325649263203,0.9733900949865779,133,160,0.83125,False
134,18.450487671791283,0.9747722814545352,134,160,0.8375,False
135,18.47664969431936,0.9761544679224923,135,160,0.84375,False
136,18.50281171684744,0.9775366543904495,136,160,0.85,False
137,18.528973739375516,0.9789188408584065,137,160,0.85625,False
138,18.555135761903596,0.9803010273263637,138,160,0.8625,False
139,18.581297784431673,0.9816832137943208,139,160,0.86875,False
140,18.607459806959753,0.983065400262278,140,160,0.875,False
141,18.623486702995056,0.98391212986048,141,160,0.88125,False
142,18.63951359903036,0.984758859458682,142,160,0.8875,False
143,18.65554049506566,0.985605589056884,143,160,0.89375,False
144,18.67156739110096,0.9864523186550859,144,160,0.9,False
145,18.687594287136264,0.9872990482532878,145,160,0.90625,False
146,18.703621183171567,0.9881457778514898,146,160,0.9125,False
147,18.71964807920687,0.9889925074496918,147,160,0.91875,False
148,18.735674975242173,0.9898392370478939,148,160,0.925,False
149,18.751701871277472,0.9906859666460957,149,160,0.93125,False
150,18.767728767312775,0.9915326962442976,150,160,0.9375,False
151,18.783755663348078,0.9923794258424997,151,160,0.94375,False
152,18.79978255938338,0.9932261554407017,152,160,0.95,True
153,18.815809455418684,0.9940728850389037,153,160,0.95625,True
154,18.831836351453983,0.9949196146371055,154,160,0.9625,True
155,18.847863247489286,0.9957663442353075,155,160,0.96875,True
156,18.86389014352459,0.9966130738335095,156,160,0.975,True
157,18.879917039559892,0.9974598034317116,157,160,0.98125,True
158,18.895943935595195,0.9983065330299136,158,160,0.9875,True
159,18.911970831630498,0.9991532626281155,159,160,0.99375,True
160,18.927997727665797,0.9999999922263174,160,160,1.0,True
161,18.927997734205263,0.999999992571809,160,160,1.0,True
162,18.927997740744726,0.9999999929173006,160,160,1.0,True
163,18.92799774728419,0.9999999932627922,160,160,1.0,True
164,18.927997753823654,0.9999999936082837,160,160,1.0,True
165,18.92799776036312,0.9999999939537754,160,160,1.0,True
166,18.927997766902582,0.9999999942992669,160,160,1.0,True
167,18.927997773442048,0.9999999946447586,160,160,1.0,True
168,18.92799777998151,0.99999999499025,160,160,1.0,True
169,18.927997786520972,0.9999999953357416,160,160,1.0,True
170,18.927997793060438,0.9999999956812332,160,160,1.0,True
171,18.927997799054946,0.9999999959979339,160,160,1.0,True
172,18.927997805049454,0.9999999963146344,160,160,1.0,True
173,18.927997811043962,0.999999996631335,160,160,1.0,True
174,18.927997817038474,0.9999999969480358,160,160,1.0,True
175,18.92799782303298,0.9999999972647364,160,160,1.0,True
176,18.92799782902749,0.999999997581437,160,160,1.0,True
177,18.927997835021998,0.9999999978981375,160,160,1.0,True
178,18.927997841016506,0.9999999982148381,160,160,1.0,True
179,18.927997847011014,0.9999999985315388,160,160,1.0,True
180,18.927997853005525,0.9999999988482395,160,160,1.0,True
181,18.927997855185577,0.9999999989634155,160,160,1.0,True
182,18.92799785736563,0.9999999990785916,160,160,1.0,True
183,18.92799785954568,0.9999999991937676,160,160,1.0,True
184,18.927997861725732,0.9999999993089436,160,160,1.0,True
185,18.927997863905784,0.9999999994241197,160,160,1.0,True
186,18.927997866085835,0.9999999995392956,160,160,1.0,True
187,18.927997868265887,0.9999999996544717,160,160,1.0,True
188,18.92799787044594,0.9999999997696477,160,160,1.0,True
189,18.927997872625994,0.999999999884824,160,160,1.0,True
190,18.927997874806046,1.0,160,160,1.0,True
191,18.927997874806046,1.0,160,160,1.0,True
192,18.927997874806046,1.0,160,160,1.0,True
193,18.927997874806046,1.0,160,160,1.0,True
194,18.927997874806046,1.0,160,160,1.0,True
195,18.927997874806046,1.0,160,160,1.0,True
196,18.927997874806046,1.0,160,160,1.0,True
197,18.927997874806046,1.0,160,160,1.0,True
198,18.927997874806046,1.0,160,160,1.0,True
199,18.927997874806046,1.0,160,160,1.0,True
200,18.927997874806046,1.0,160,160,1.0,True
201,18.927997874806046,1.0,160,160,1.0,True
202,18.927997874806046,1.0,160,160,1.0,True
203,18.927997874806046,1.0,160,160,1.0,True
204,18.927997874806046,1.0,160,160,1.0,True
205,18.927997874806046,1.0,160,160,1.0,True
206,18.927997874806046,1.0,160,160,1.0,True
207,18.927997874806046,1.0,160,160,1.0,True
208,18.927997874806046,1.0,160,160,1.0,True
209,18.927997874806046,1.0,160,160,1.0,True
210,18.927997874806046,1.0,160,160,1.0,True
211,18.927997874806046,1.0,160,160,1.0,True
212,18.927997874806046,1.0,160,160,1.0,True
213,18.927997874806046,1.0,160,160,1.0,True
214,18.927997874806046,1.0,160,160,1.0,True
215,18.927997874806046,1.0,160,160,1.0,True
216,18.927997874806046,1.0,160,160,1.0,True
217,18.927997874806046,1.0,160,160,1.0,True
218,18.927997874806046,1.0,160,160,1.0,True
219,18.927997874806046,1.0,160,160,1.0,True
220,18.927997874806046,1.0,160,160,1.0,True
221,18.927997874806046,1.0,160,160,1.0,True
222,18.927997874806046,1.0,160,160,1.0,True
223,18.927997874806046,1.0,160,160,1.0,True
224,18.927997874806046,1.0,160,160,1.0,True
225,18.927997874806046,1.0,160,160,1.0,True
226,18.927997874806046,1.0,160,160,1.0,True
227,18.927997874806046,1.0,160,160,1.0,True
228,18.927997874806046,1.0,160,160,1.0,True
229,18.927997874806046,1.0,160,160,1.0,True
230,18.927997874806046,1.0,160,160,1.0,True
231,18.927997874806046,1.0,160,160,1.0,True
232,18.927997874806046,1.0,160,160,1.0,True
233,18.927997874806046,1.0,160,160,1.0,True
234,18.927997874806046,1.0,160,160,1.0,True
235,18.927997874806046,1.0,160,160,1.0,True
236,18.927997874806046,1.0,160,160,1.0,True
237,18.927997874806046,1.0,160,160,1.0,True
238,18.927997874806046,1.0,160,160,1.0,True
239,18.927997874806046,1.0,160,160,1.0,True
240,18.927997874806046,1.0,160,160,1.0,True
