budget,captured_incremental_value,value_fraction,material_retained,material_total,material_fraction,meets_95pct
0,0,0.0,0,100,0.0,False
1,0.12506719824560847,0.014276309217001699,1,100,0.01,False
2,0.25013439649121694,0.028552618434003398,2,100,0.02,False
3,0.3752015947368254,0.04282892765100509,3,100,0.03,False
4,0.5002687929824339,0.057105236868006795,4,100,0.04,False
5,0.6253359912280423,0.07138154608500849,5,100,0.05,False
6,0.7504031894736508,0.08565785530201019,6,100,0.06,False
7,0.8754703877192593,0.0999341645190119,7,100,0.07,False
8,1.0005375859648677,0.11421047373601359,8,100,0.08,False
9,1.1256047842104762,0.12848678295301527,9,100,0.09,False
10,1.2506719824560846,0.14276309217001698,10,100,0.1,False
11,1.3757391807016932,0.1570394013870187,11,100,0.11,False
12,1.5008063789473016,0.17131571060402037,12,100,0.12,False
13,1.62587357719291,0.18559201982102208,13,100,0.13,False
14,1.7509407754385187,0.1998683290380238,14,100,0.14,False
15,1.876007973684127,0.21414463825502547,15,100,0.15,False
16,2.0010751719297355,0.22842094747202718,16,100,0.16,False
17,2.126142370175344,0.24269725668902886,17,100,0.17,False
18,2.2190094918798855,0.2532979558663091,18,100,0.18,False
19,2.3118766135844266,0.2638986550435893,19,100,0.19,False
20,2.4047437352889682,0.2744993542208695,20,100,0.2,False
21,2.4976108569935094,0.2851000533981497,21,100,0.21,False
22,2.590477978698051,0.29570075257542994,22,100,0.22,False
23,2.683345100402592,0.3063014517527101,23,100,0.23,False
24,2.7762122221071337,0.31690215092999036,24,100,0.24,False
25,2.869079343811675,0.32750285010727054,25,100,0.25,False
26,2.9619464655162164,0.3381035492845508,26,100,0.26,False
27,3.0548135872207576,0.34870424846183096,27,100,0.27,False
28,3.147680708925299,0.3593049476391112,28,100,0.28,False
29,3.2405478306298408,0.36990564681639143,29,100,0.29,False
30,3.333414952334382,0.3805063459936716,30,100,0.3,False
31,3.4262820740389235,0.39110704517095185,31,100,0.31,False
32,3.5191491957434646,0.40170774434823203,32,100,0.32,False
33,3.612016317448006,0.41230844352551227,33,100,0.33,False
34,3.7048834391525474,0.42290914270279245,34,100,0.34,False
35,3.7906495477353324,0.43269926756080873,35,100,0.35,False
36,3.876415656318117,0.44248939241882496,36,100,0.36,False
37,3.962181764900902,0.45227951727684124,37,100,0.37,False
38,4.047947873483687,0.4620696421348575,38,100,0.38,False
39,4.133713982066471,0.4718597669928737,39,100,0.39,False
40,4.219480090649256,0.48164989185088997,40,100,0.4,False
41,4.305246199232041,0.49144001670890625,41,100,0.41,False
42,4.391012307814825,0.5012301415669225,42,100,0.42,False
43,4.47677841639761,0.5110202664249387,43,100,0.43,False
44,4.562544524980395,0.520810391282955,44,100,0.44,False
45,4.64831063356318,0.5306005161409713,45,100,0.45,False
46,4.734076742145964,0.5403906409989875,46,100,0.46,False
47,4.819842850728749,0.5501807658570037,47,100,0.47,False
48,4.905608959311534,0.55997089071502,48,100,0.48,False
49,4.991375067894319,0.5697610155730363,49,100,0.49,False
50,5.077141176477103,0.5795511404310525,50,100,0.5,False
51,5.155704163116918,0.588519035338865,51,100,0.51,False
52,5.234267149756732,0.5974869302466774,52,100,0.52,False
53,5.312830136396547,0.60645482515449,53,100,0.53,False
54,5.391393123036361,0.6154227200623024,54,100,0.54,False
55,5.469956109676176,0.6243906149701149,55,100,0.55,False
56,5.5485190963159905,0.6333585098779273,56,100,0.56,False
57,5.6270820829558055,0.6423264047857399,57,100,0.57,False
58,5.70564506959562,0.6512942996935522,58,100,0.58,False
59,5.7842080562354345,0.6602621946013648,59,100,0.59,False
60,5.862771042875249,0.6692300895091773,60,100,0.6,False
61,5.941334029515064,0.6781979844169898,61,100,0.61,False
62,6.019897016154878,0.6871658793248022,62,100,0.62,False
63,6.098460002794693,0.6961337742326147,63,100,0.63,False
64,6.177022989434507,0.7051016691404272,64,100,0.64,False
65,6.255585976074322,0.7140695640482396,65,100,0.65,False
66,6.334148962714136,0.7230374589560521,66,100,0.66,False
67,6.412711949353951,0.7320053538638647,67,100,0.67,False
68,6.485272162773113,0.7402880375583478,68,100,0.68,False
69,6.557832376192276,0.7485707212528311,69,100,0.69,False
70,6.630392589611438,0.7568534049473142,70,100,0.7,False
71,6.702952803030601,0.7651360886417975,71,100,0.71,False
72,6.775513016449764,0.7734187723362808,72,100,0.72,False
73,6.848073229868927,0.781701456030764,73,100,0.73,False
74,6.920633443288089,0.7899841397252472,74,100,0.74,False
75,6.993193656707252,0.7982668234197304,75,100,0.75,False
76,7.065753870126414,0.8065495071142136,76,100,0.76,False
77,7.138314083545577,0.8148321908086968,77,100,0.77,False
78,7.21087429696474,0.8231148745031801,78,100,0.78,False
79,7.283434510383903,0.8313975581976634,79,100,0.79,False
80,7.355994723803065,0.8396802418921465,80,100,0.8,False
81,7.428554937222228,0.8479629255866298,81,100,0.81,False
82,7.5011151506413904,0.8562456092811129,82,100,0.82,False
83,7.573675364060554,0.8645282929755963,83,100,0.83,False
84,7.632280027753333,0.8712179631063164,84,100,0.84,False
85,7.690884691446112,0.8779076332370367,85,100,0.85,False
86,7.749489355138892,0.8845973033677569,86,100,0.86,False
87,7.808094018831672,0.8912869734984772,87,100,0.87,False
88,7.866698682524452,0.8979766436291975,88,100,0.88,False
89,7.925303346217231,0.9046663137599177,89,100,0.89,False
90,7.983908009910011,0.911355983890638,90,100,0.9,False
91,8.04251267360279,0.9180456540213581,91,100,0.91,False
92,8.10111733729557,0.9247353241520784,92,100,0.92,False
93,8.15972200098835,0.9314249942827987,93,100,0.93,False
94,8.218326664681129,0.9381146644135189,94,100,0.94,False
95,8.276931328373909,0.9448043345442392,95,100,0.95,False
96,8.335535992066688,0.9514940046749594,96,100,0.96,True
97,8.394140655759468,0.9581836748056797,97,100,0.97,True
98,8.452745319452248,0.9648733449363999,98,100,0.98,True
99,8.511349983145028,0.9715630150671202,99,100,0.99,True
100,8.569954646837807,0.9782526851978405,100,100,1.0,True
101,8.574239878915611,0.9787418406204254,100,100,1.0,True
102,8.578525110993414,0.9792309960430102,100,100,1.0,True
103,8.582810343071218,0.9797201514655951,100,100,1.0,True
104,8.587095575149021,0.98020930688818,100,100,1.0,True
105,8.591380807226825,0.9806984623107649,100,100,1.0,True
106,8.595666039304627,0.9811876177333495,100,100,1.0,True
107,8.59995127138243,0.9816767731559344,100,100,1.0,True
108,8.604236503460234,0.9821659285785193,100,100,1.0,True
109,8.608521735538037,0.9826550840011041,100,100,1.0,True
110,8.61280696761584,0.983144239423689,100,100,1.0,True
111,8.617092199693644,0.9836333948462739,100,100,1.0,True
112,8.621377431771448,0.9841225502688588,100,100,1.0,True
113,8.625662663849251,0.9846117056914436,100,100,1.0,True
114,8.629947895927055,0.9851008611140286,100,100,1.0,True
115,8.634233128004858,0.9855900165366135,100,100,1.0,True
116,8.638518360082662,0.9860791719591984,100,100,1.0,True
117,8.642803592160465,0.9865683273817832,100,100,1.0,True
118,8.646761421983328,0.9870201101287549,100,100,1.0,True
119,8.650719251806192,0.9874718928757269,100,100,1.0,True
120,8.654677081629055,0.9879236756226986,100,100,1.0,True
121,8.65863491145192,0.9883754583696704,100,100,1.0,True
122,8.662592741274782,0.9888272411166422,100,100,1.0,True
123,8.666550571097645,0.989279023863614,100,100,1.0,True
124,8.67050840092051,0.9897308066105859,100,100,1.0,True
125,8.674466230743372,0.9901825893575575,100,100,1.0,True
126,8.678424060566236,0.9906343721045295,100,100,1.0,True
127,8.682381890389099,0.9910861548515012,100,100,1.0,True
128,8.686339720211963,0.9915379375984732,100,100,1.0,True
129,8.690297550034826,0.9919897203454449,100,100,1.0,True
130,8.694255379857688,0.9924415030924166,100,100,1.0,True
131,8.698213209680553,0.9928932858393885,100,100,1.0,True
132,8.702171039503416,0.9933450685863603,100,100,1.0,True
133,8.70612886932628,0.9937968513333322,100,100,1.0,True
134,8.709325487345886,0.9941617424313715,100,100,1.0,True
135,8.712522105365492,0.9945266335294107,100,100,1.0,True
136,8.715718723385098,0.99489152462745,100,100,1.0,True
137,8.718915341404704,0.9952564157254893,100,100,1.0,True
138,8.72211195942431,0.9956213068235286,100,100,1.0,True
139,8.725308577443917,0.9959861979215678,100,100,1.0,True
140,8.728505195463523,0.9963510890196071,100,100,1.0,True
141,8.731701813483129,0.9967159801176465,100,100,1.0,True
142,8.734898431502735,0.9970808712156858,100,100,1.0,True
143,8.738095049522341,0.9974457623137251,100,100,1.0,True
144,8.741291667541947,0.9978106534117643,100,100,1.0,True
145,8.744488285561554,0.9981755445098036,100,100,1.0,True
146,8.74768490358116,0.9985404356078429,100,100,1.0,True
147,8.750881521600766,0.9989053267058822,100,100,1.0,True
148,8.754078139620372,0.9992702178039214,100,100,1.0,True
149,8.757274757639978,0.9996351089019607,100,100,1.0,True
150,8.760471375659584,1.0,100,100,1.0,True
151,8.760471375659584,1.0,100,100,1.0,True
152,8.760471375659584,1.0,100,100,1.0,True
153,8.760471375659584,1.0,100,100,1.0,True
154,8.760471375659584,1.0,100,100,1.0,True
155,8.760471375659584,1.0,100,100,1.0,True
156,8.760471375659584,1.0,100,100,1.0,True
157,8.760471375659584,1.0,100,100,1.0,True
158,8.760471375659584,1.0,100,100,1.0,True
159,8.760471375659584,1.0,100,100,1.0,True
160,8.760471375659584,1.0,100,100,1.0,True
161,8.760471375659584,1.0,100,100,1.0,True
162,8.760471375659584,1.0,100,100,1.0,True
163,8.760471375659584,1.0,100,100,1.0,True
164,8.760471375659584,1.0,100,100,1.0,True
165,8.760471375659584,1.0,100,100,1.0,True
166,8.760471375659584,1.0,100,100,1.0,True
167,8.760471375659584,1.0,100,100,1.0,True
168,8.760471375659584,1.0,100,100,1.0,True
169,8.760471375659584,1.0,100,100,1.0,True
170,8.760471375659584,1.0,100,100,1.0,True
171,8.760471375659584,1.0,100,100,1.0,True
172,8.760471375659584,1.0,100,100,1.0,True
173,8.760471375659584,1.0,100,100,1.0,True
174,8.760471375659584,1.0,100,100,1.0,True
175,8.760471375659584,1.0,100,100,1.0,True
176,8.760471375659584,1.0,100,100,1.0,True
177,8.760471375659584,1.0,100,100,1.0,True
178,8.760471375659584,1.0,100,100,1.0,True
179,8.760471375659584,1.0,100,100,1.0,True
180,8.760471375659584,1.0,100,100,1.0,True
181,8.760471375659584,1.0,100,100,1.0,True
182,8.760471375659584,1.0,100,100,1.0,True
183,8.760471375659584,1.0,100,100,1.0,True
184,8.760471375659584,1.0,100,100,1.0,True
185,8.760471375659584,1.0,100,100,1.0,True
186,8.760471375659584,1.0,100,100,1.0,True
187,8.760471375659584,1.0,100,100,1.0,True
188,8.760471375659584,1.0,100,100,1.0,True
189,8.760471375659584,1.0,100,100,1.0,True
190,8.760471375659584,1.0,100,100,1.0,True
191,8.760471375659584,1.0,100,100,1.0,True
192,8.760471375659584,1.0,100,100,1.0,True
193,8.760471375659584,1.0,100,100,1.0,True
194,8.760471375659584,1.0,100,100,1.0,True
195,8.760471375659584,1.0,100,100,1.0,True
196,8.760471375659584,1.0,100,100,1.0,True
197,8.760471375659584,1.0,100,100,1.0,True
198,8.760471375659584,1.0,100,100,1.0,True
199,8.760471375659584,1.0,100,100,1.0,True
200,8.760471375659584,1.0,100,100,1.0,True
201,8.760471375659584,1.0,100,100,1.0,True
202,8.760471375659584,1.0,100,100,1.0,True
203,8.760471375659584,1.0,100,100,1.0,True
204,8.760471375659584,1.0,100,100,1.0,True
205,8.760471375659584,1.0,100,100,1.0,True
206,8.760471375659584,1.0,100,100,1.0,True
207,8.760471375659584,1.0,100,100,1.0,True
208,8.760471375659584,1.0,100,100,1.0,True
209,8.760471375659584,1.0,100,100,1.0,True
210,8.760471375659584,1.0,100,100,1.0,True
211,8.760471375659584,1.0,100,100,1.0,True
212,8.760471375659584,1.0,100,100,1.0,True
213,8.760471375659584,1.0,100,100,1.0,True
214,8.760471375659584,1.0,100,100,1.0,True
215,8.760471375659584,1.0,100,100,1.0,True
216,8.760471375659584,1.0,100,100,1.0,True
217,8.760471375659584,1.0,100,100,1.0,True
218,8.760471375659584,1.0,100,100,1.0,True
219,8.760471375659584,1.0,100,100,1.0,True
220,8.760471375659584,1.0,100,100,1.0,True
221,8.760471375659584,1.0,100,100,1.0,True
222,8.760471375659584,1.0,100,100,1.0,True
223,8.760471375659584,1.0,100,100,1.0,True
224,8.760471375659584,1.0,100,100,1.0,True
225,8.760471375659584,1.0,100,100,1.0,True
226,8.760471375659584,1.0,100,100,1.0,True
227,8.760471375659584,1.0,100,100,1.0,True
228,8.760471375659584,1.0,100,100,1.0,True
229,8.760471375659584,1.0,100,100,1.0,True
230,8.760471375659584,1.0,100,100,1.0,True
231,8.760471375659584,1.0,100,100,1.0,True
232,8.760471375659584,1.0,100,100,1.0,True
233,8.760471375659584,1.0,100,100,1.0,True
234,8.760471375659584,1.0,100,100,1.0,True
235,8.760471375659584,1.0,100,100,1.0,True
236,8.760471375659584,1.0,100,100,1.0,True
237,8.760471375659584,1.0,100,100,1.0,True
238,8.760471375659584,1.0,100,100,1.0,True
239,8.760471375659584,1.0,100,100,1.0,True
240,8.760471375659584,1.0,100,100,1.0,True
241,8.760471375659584,1.0,100,100,1.0,True
242,8.760471375659584,1.0,100,100,1.0,True
243,8.760471375659584,1.0,100,100,1.0,True
244,8.760471375659584,1.0,100,100,1.0,True
245,8.760471375659584,1.0,100,100,1.0,True
246,8.760471375659584,1.0,100,100,1.0,True
247,8.760471375659584,1.0,100,100,1.0,True
248,8.760471375659584,1.0,100,100,1.0,True
249,8.760471375659584,1.0,100,100,1.0,True
250,8.760471375659584,1.0,100,100,1.0,True
