episode_id,index,age,target_class,dimension,has_historical_emotion_payload,incremental_behavior_distance,material,winner_changes,affect_all_score,relevant_affect_score,structural_score
npc:i1:e1,1,249,no_payload_structural,betrayal,False,0.0,False,0,0.0,0.0,1.0
npc:i2:e2,2,248,joy_decoy,weather,True,0.0,False,0,1.1875,0.0,0.0
npc:i3:e3,3,247,affect_only,weather,True,0.09286712170454138,True,4,0.8125,0.8125,0.0
npc:i4:e4,4,246,structural_low,betrayal,True,0.0042852320778034025,False,0,0.0375,0.0375,1.0
npc:i5:e5,5,245,combined,betrayal,True,0.07856298663981452,True,1,0.6875,0.6875,1.0
npc:i6:e6,6,244,no_payload_structural,threat,False,0.0,False,0,0.0,0.0,1.0
npc:i7:e7,7,243,joy_decoy,weather,True,0.0,False,0,1.1875,0.0,0.0
npc:i8:e8,8,242,affect_only,weather,True,0.12506719824560847,True,6,0.8125,0.8125,0.0
npc:i9:e9,9,241,structural_low,threat,True,0.0031966180196061826,False,0,0.0375,0.0375,1.0
npc:i10:e10,10,240,combined,threat,True,0.05860466369277963,True,0,0.6875,0.6875,1.0
npc:i11:e11,11,239,no_payload_structural,respect,False,0.0,False,0,0.0,0.0,1.0
npc:i12:e12,12,238,joy_decoy,weather,True,0.0,False,0,1.1875,0.0,0.0
npc:i13:e13,13,237,affect_only,weather,True,0.08576610858278476,True,2,0.8125,0.8125,0.0
npc:i14:e14,14,236,structural_low,respect,True,0.003957829822863412,False,0,0.0375,0.0375,1.0
npc:i15:e15,15,235,combined,respect,True,0.07256021341916269,True,0,0.6875,0.6875,1.0
npc:i16:e16,16,234,no_payload_structural,betrayal,False,0.0,False,0,0.0,0.0,1.0
npc:i17:e17,17,233,joy_decoy,weather,True,0.0,False,0,1.1875,0.0,0.0
npc:i18:e18,18,232,affect_only,weather,True,0.09286712170454138,True,4,0.8125,0.8125,0.0
npc:i19:e19,19,231,structural_low,betrayal,True,0.0042852320778034025,False,0,0.0375,0.0375,1.0
npc:i20:e20,20,230,combined,betrayal,True,0.07856298663981452,True,1,0.6875,0.6875,1.0
npc:i21:e21,21,229,no_payload_structural,threat,False,0.0,False,0,0.0,0.0,1.0
npc:i22:e22,22,228,joy_decoy,weather,True,0.0,False,0,1.1875,0.0,0.0
npc:i23:e23,23,227,affect_only,weather,True,0.12506719824560847,True,6,0.8125,0.8125,0.0
npc:i24:e24,24,226,structural_low,threat,True,0.0031966180196061826,False,0,0.0375,0.0375,1.0
npc:i25:e25,25,225,combined,threat,True,0.05860466369277963,True,0,0.6875,0.6875,1.0
npc:i26:e26,26,224,no_payload_structural,respect,False,0.0,False,0,0.0,0.0,1.0
npc:i27:e27,27,223,joy_decoy,weather,True,0.0,False,0,1.1875,0.0,0.0
npc:i28:e28,28,222,affect_only,weather,True,0.08576610858278476,True,2,0.8125,0.8125,0.0
npc:i29:e29,29,221,structural_low,respect,True,0.003957829822863412,False,0,0.0375,0.0375,1.0
npc:i30:e30,30,220,combined,respect,True,0.07256021341916269,True,0,0.6875,0.6875,1.0
npc:i31:e31,31,219,no_payload_structural,betrayal,False,0.0,False,0,0.0,0.0,1.0
npc:i32:e32,32,218,joy_decoy,weather,True,0.0,False,0,1.1875,0.0,0.0
npc:i33:e33,33,217,affect_only,weather,True,0.09286712170454138,True,4,0.8125,0.8125,0.0
npc:i34:e34,34,216,structural_low,betrayal,True,0.0042852320778034025,False,0,0.0375,0.0375,1.0
npc:i35:e35,35,215,combined,betrayal,True,0.07856298663981452,True,1,0.6875,0.6875,1.0
npc:i36:e36,36,214,no_payload_structural,threat,False,0.0,False,0,0.0,0.0,1.0
npc:i37:e37,37,213,joy_decoy,weather,True,0.0,False,0,1.1875,0.0,0.0
npc:i38:e38,38,212,affect_only,weather,True,0.12506719824560847,True,6,0.8125,0.8125,0.0
npc:i39:e39,39,211,structural_low,threat,True,0.0031966180196061826,False,0,0.0375,0.0375,1.0
npc:i40:e40,40,210,combined,threat,True,0.05860466369277963,True,0,0.6875,0.6875,1.0
npc:i41:e41,41,209,no_payload_structural,respect,False,0.0,False,0,0.0,0.0,1.0
npc:i42:e42,42,208,joy_decoy,weather,True,0.0,False,0,1.1875,0.0,0.0
npc:i43:e43,43,207,affect_only,weather,True,0.08576610858278476,True,2,0.8125,0.8125,0.0
npc:i44:e44,44,206,structural_low,respect,True,0.003957829822863412,False,0,0.0375,0.0375,1.0
npc:i45:e45,45,205,combined,respect,True,0.07256021341916269,True,0,0.6875,0.6875,1.0
npc:i46:e46,46,204,no_payload_structural,betrayal,False,0.0,False,0,0.0,0.0,1.0
npc:i47:e47,47,203,joy_decoy,weather,True,0.0,False,0,1.1875,0.0,0.0
npc:i48:e48,48,202,affect_only,weather,True,0.09286712170454138,True,4,0.8125,0.8125,0.0
npc:i49:e49,49,201,structural_low,betrayal,True,0.0042852320778034025,False,0,0.0375,0.0375,1.0
npc:i50:e50,50,200,combined,betrayal,True,0.07856298663981452,True,1,0.6875,0.6875,1.0
npc:i51:e51,51,199,no_payload_structural,threat,False,0.0,False,0,0.0,0.0,1.0
npc:i52:e52,52,198,joy_decoy,weather,True,0.0,False,0,1.1875,0.0,0.0
npc:i53:e53,53,197,affect_only,weather,True,0.12506719824560847,True,6,0.8125,0.8125,0.0
npc:i54:e54,54,196,structural_low,threat,True,0.0031966180196061826,False,0,0.0375,0.0375,1.0
npc:i55:e55,55,195,combined,threat,True,0.05860466369277963,True,0,0.6875,0.6875,1.0
npc:i56:e56,56,194,no_payload_structural,respect,False,0.0,False,0,0.0,0.0,1.0
npc:i57:e57,57,193,joy_decoy,weather,True,0.0,False,0,1.1875,0.0,0.0
npc:i58:e58,58,192,affect_only,weather,True,0.08576610858278476,True,2,0.8125,0.8125,0.0
npc:i59:e59,59,191,structural_low,respect,True,0.003957829822863412,False,0,0.0375,0.0375,1.0
npc:i60:e60,60,190,combined,respect,True,0.07256021341916269,True,0,0.6875,0.6875,1.0
npc:i61:e61,61,189,no_payload_structural,betrayal,False,0.0,False,0,0.0,0.0,1.0
npc:i62:e62,62,188,joy_decoy,weather,True,0.0,False,0,1.1875,0.0,0.0
npc:i63:e63,63,187,affect_only,weather,True,0.09286712170454138,True,4,0.8125,0.8125,0.0
npc:i64:e64,64,186,structural_low,betrayal,True,0.0042852320778034025,False,0,0.0375,0.0375,1.0
npc:i65:e65,65,185,combined,betrayal,True,0.07856298663981452,True,1,0.6875,0.6875,1.0
npc:i66:e66,66,184,no_payload_structural,threat,False,0.0,False,0,0.0,0.0,1.0
npc:i67:e67,67,183,joy_decoy,weather,True,0.0,False,0,1.1875,0.0,0.0
npc:i68:e68,68,182,affect_only,weather,True,0.12506719824560847,True,6,0.8125,0.8125,0.0
npc:i69:e69,69,181,structural_low,threat,True,0.0031966180196061826,False,0,0.0375,0.0375,1.0
npc:i70:e70,70,180,combined,threat,True,0.05860466369277963,True,0,0.6875,0.6875,1.0
npc:i71:e71,71,179,no_payload_structural,respect,False,0.0,False,0,0.0,0.0,1.0
npc:i72:e72,72,178,joy_decoy,weather,True,0.0,False,0,1.1875,0.0,0.0
npc:i73:e73,73,177,affect_only,weather,True,0.08576610858278476,True,2,0.8125,0.8125,0.0
npc:i74:e74,74,176,structural_low,respect,True,0.003957829822863412,False,0,0.0375,0.0375,1.0
npc:i75:e75,75,175,combined,respect,True,0.07256021341916269,True,0,0.6875,0.6875,1.0
npc:i76:e76,76,174,no_payload_structural,betrayal,False,0.0,False,0,0.0,0.0,1.0
npc:i77:e77,77,173,joy_decoy,weather,True,0.0,False,0,1.1875,0.0,0.0
npc:i78:e78,78,172,affect_only,weather,True,0.09286712170454138,True,4,0.8125,0.8125,0.0
npc:i79:e79,79,171,structural_low,betrayal,True,0.0042852320778034025,False,0,0.0375,0.0375,1.0
npc:i80:e80,80,170,combined,betrayal,True,0.07856298663981452,True,1,0.6875,0.6875,1.0
npc:i81:e81,81,169,no_payload_structural,threat,False,0.0,False,0,0.0,0.0,1.0
npc:i82:e82,82,168,joy_decoy,weather,True,0.0,False,0,1.1875,0.0,0.0
npc:i83:e83,83,167,affect_only,weather,True,0.12506719824560847,True,6,0.8125,0.8125,0.0
npc:i84:e84,84,166,structural_low,threat,True,0.0031966180196061826,False,0,0.0375,0.0375,1.0
npc:i85:e85,85,165,combined,threat,True,0.05860466369277963,True,0,0.6875,0.6875,1.0
npc:i86:e86,86,164,no_payload_structural,respect,False,0.0,False,0,0.0,0.0,1.0
npc:i87:e87,87,163,joy_decoy,weather,True,0.0,False,0,1.1875,0.0,0.0
npc:i88:e88,88,162,affect_only,weather,True,0.08576610858278476,True,2,0.8125,0.8125,0.0
npc:i89:e89,89,161,structural_low,respect,True,0.003957829822863412,False,0,0.0375,0.0375,1.0
npc:i90:e90,90,160,combined,respect,True,0.07256021341916269,True,0,0.6875,0.6875,1.0
npc:i91:e91,91,159,no_payload_structural,betrayal,False,0.0,False,0,0.0,0.0,1.0
npc:i92:e92,92,158,joy_decoy,weather,True,0.0,False,0,1.1875,0.0,0.0
npc:i93:e93,93,157,affect_only,weather,True,0.09286712170454138,True,4,0.8125,0.8125,0.0
npc:i94:e94,94,156,structural_low,betrayal,True,0.0042852320778034025,False,0,0.0375,0.0375,1.0
npc:i95:e95,95,155,combined,betrayal,True,0.07856298663981452,True,1,0.6875,0.6875,1.0
npc:i96:e96,96,154,no_payload_structural,threat,False,0.0,False,0,0.0,0.0,1.0
npc:i97:e97,97,153,joy_decoy,weather,True,0.0,False,0,1.1875,0.0,0.0
npc:i98:e98,98,152,affect_only,weather,True,0.12506719824560847,True,6,0.8125,0.8125,0.0
npc:i99:e99,99,151,structural_low,threat,True,0.0031966180196061826,False,0,0.0375,0.0375,1.0
npc:i100:e100,100,150,combined,threat,True,0.05860466369277963,True,0,0.6875,0.6875,1.0
npc:i101:e101,101,149,no_payload_structural,respect,False,0.0,False,0,0.0,0.0,1.0
npc:i102:e102,102,148,joy_decoy,weather,True,0.0,False,0,1.1875,0.0,0.0
npc:i103:e103,103,147,affect_only,weather,True,0.08576610858278476,True,2,0.8125,0.8125,0.0
npc:i104:e104,104,146,structural_low,respect,True,0.003957829822863412,False,0,0.0375,0.0375,1.0
npc:i105:e105,105,145,combined,respect,True,0.07256021341916269,True,0,0.6875,0.6875,1.0
npc:i106:e106,106,144,no_payload_structural,betrayal,False,0.0,False,0,0.0,0.0,1.0
npc:i107:e107,107,143,joy_decoy,weather,True,0.0,False,0,1.1875,0.0,0.0
npc:i108:e108,108,142,affect_only,weather,True,0.09286712170454138,True,4,0.8125,0.8125,0.0
npc:i109:e109,109,141,structural_low,betrayal,True,0.0042852320778034025,False,0,0.0375,0.0375,1.0
npc:i110:e110,110,140,combined,betrayal,True,0.07856298663981452,True,1,0.6875,0.6875,1.0
npc:i111:e111,111,139,no_payload_structural,threat,False,0.0,False,0,0.0,0.0,1.0
npc:i112:e112,112,138,joy_decoy,weather,True,0.0,False,0,1.1875,0.0,0.0
npc:i113:e113,113,137,affect_only,weather,True,0.12506719824560847,True,6,0.8125,0.8125,0.0
npc:i114:e114,114,136,structural_low,threat,True,0.0031966180196061826,False,0,0.0375,0.0375,1.0
npc:i115:e115,115,135,combined,threat,True,0.05860466369277963,True,0,0.6875,0.6875,1.0
npc:i116:e116,116,134,no_payload_structural,respect,False,0.0,False,0,0.0,0.0,1.0
npc:i117:e117,117,133,joy_decoy,weather,True,0.0,False,0,1.1875,0.0,0.0
npc:i118:e118,118,132,affect_only,weather,True,0.08576610858278476,True,2,0.8125,0.8125,0.0
npc:i119:e119,119,131,structural_low,respect,True,0.003957829822863412,False,0,0.0375,0.0375,1.0
npc:i120:e120,120,130,combined,respect,True,0.07256021341916269,True,0,0.6875,0.6875,1.0
npc:i121:e121,121,129,no_payload_structural,betrayal,False,0.0,False,0,0.0,0.0,1.0
npc:i122:e122,122,128,joy_decoy,weather,True,0.0,False,0,1.1875,0.0,0.0
npc:i123:e123,123,127,affect_only,weather,True,0.09286712170454138,True,4,0.8125,0.8125,0.0
npc:i124:e124,124,126,structural_low,betrayal,True,0.0042852320778034025,False,0,0.0375,0.0375,1.0
npc:i125:e125,125,125,combined,betrayal,True,0.07856298663981452,True,1,0.6875,0.6875,1.0
npc:i126:e126,126,124,no_payload_structural,threat,False,0.0,False,0,0.0,0.0,1.0
npc:i127:e127,127,123,joy_decoy,weather,True,0.0,False,0,1.1875,0.0,0.0
npc:i128:e128,128,122,affect_only,weather,True,0.12506719824560847,True,6,0.8125,0.8125,0.0
npc:i129:e129,129,121,structural_low,threat,True,0.0031966180196061826,False,0,0.0375,0.0375,1.0
npc:i130:e130,130,120,combined,threat,True,0.05860466369277963,True,0,0.6875,0.6875,1.0
npc:i131:e131,131,119,no_payload_structural,respect,False,0.0,False,0,0.0,0.0,1.0
npc:i132:e132,132,118,joy_decoy,weather,True,0.0,False,0,1.1875,0.0,0.0
npc:i133:e133,133,117,affect_only,weather,True,0.08576610858278476,True,2,0.8125,0.8125,0.0
npc:i134:e134,134,116,structural_low,respect,True,0.003957829822863412,False,0,0.0375,0.0375,1.0
npc:i135:e135,135,115,combined,respect,True,0.07256021341916269,True,0,0.6875,0.6875,1.0
npc:i136:e136,136,114,no_payload_structural,betrayal,False,0.0,False,0,0.0,0.0,1.0
npc:i137:e137,137,113,joy_decoy,weather,True,0.0,False,0,1.1875,0.0,0.0
npc:i138:e138,138,112,affect_only,weather,True,0.09286712170454138,True,4,0.8125,0.8125,0.0
npc:i139:e139,139,111,structural_low,betrayal,True,0.0042852320778034025,False,0,0.0375,0.0375,1.0
npc:i140:e140,140,110,combined,betrayal,True,0.07856298663981452,True,1,0.6875,0.6875,1.0
npc:i141:e141,141,109,no_payload_structural,threat,False,0.0,False,0,0.0,0.0,1.0
npc:i142:e142,142,108,joy_decoy,weather,True,0.0,False,0,1.1875,0.0,0.0
npc:i143:e143,143,107,affect_only,weather,True,0.12506719824560847,True,6,0.8125,0.8125,0.0
npc:i144:e144,144,106,structural_low,threat,True,0.0031966180196061826,False,0,0.0375,0.0375,1.0
npc:i145:e145,145,105,combined,threat,True,0.05860466369277963,True,0,0.6875,0.6875,1.0
npc:i146:e146,146,104,no_payload_structural,respect,False,0.0,False,0,0.0,0.0,1.0
npc:i147:e147,147,103,joy_decoy,weather,True,0.0,False,0,1.1875,0.0,0.0
npc:i148:e148,148,102,affect_only,weather,True,0.08576610858278476,True,2,0.8125,0.8125,0.0
npc:i149:e149,149,101,structural_low,respect,True,0.003957829822863412,False,0,0.0375,0.0375,1.0
npc:i150:e150,150,100,combined,respect,True,0.07256021341916269,True,0,0.6875,0.6875,1.0
npc:i151:e151,151,99,no_payload_structural,betrayal,False,0.0,False,0,0.0,0.0,1.0
npc:i152:e152,152,98,joy_decoy,weather,True,0.0,False,0,1.1875,0.0,0.0
npc:i153:e153,153,97,affect_only,weather,True,0.09286712170454138,True,4,0.8125,0.8125,0.0
npc:i154:e154,154,96,structural_low,betrayal,True,0.0042852320778034025,False,0,0.0375,0.0375,1.0
npc:i155:e155,155,95,combined,betrayal,True,0.07856298663981452,True,1,0.6875,0.6875,1.0
npc:i156:e156,156,94,no_payload_structural,threat,False,0.0,False,0,0.0,0.0,1.0
npc:i157:e157,157,93,joy_decoy,weather,True,0.0,False,0,1.1875,0.0,0.0
npc:i158:e158,158,92,affect_only,weather,True,0.12506719824560847,True,6,0.8125,0.8125,0.0
npc:i159:e159,159,91,structural_low,threat,True,0.0031966180196061826,False,0,0.0375,0.0375,1.0
npc:i160:e160,160,90,combined,threat,True,0.05860466369277963,True,0,0.6875,0.6875,1.0
npc:i161:e161,161,89,no_payload_structural,respect,False,0.0,False,0,0.0,0.0,1.0
npc:i162:e162,162,88,joy_decoy,weather,True,0.0,False,0,1.1875,0.0,0.0
npc:i163:e163,163,87,affect_only,weather,True,0.08576610858278476,True,2,0.8125,0.8125,0.0
npc:i164:e164,164,86,structural_low,respect,True,0.003957829822863412,False,0,0.0375,0.0375,1.0
npc:i165:e165,165,85,combined,respect,True,0.07256021341916269,True,0,0.6875,0.6875,1.0
npc:i166:e166,166,84,no_payload_structural,betrayal,False,0.0,False,0,0.0,0.0,1.0
npc:i167:e167,167,83,joy_decoy,weather,True,0.0,False,0,1.1875,0.0,0.0
npc:i168:e168,168,82,affect_only,weather,True,0.09286712170454138,True,4,0.8125,0.8125,0.0
npc:i169:e169,169,81,structural_low,betrayal,True,0.0042852320778034025,False,0,0.0375,0.0375,1.0
npc:i170:e170,170,80,combined,betrayal,True,0.07856298663981452,True,1,0.6875,0.6875,1.0
npc:i171:e171,171,79,no_payload_structural,threat,False,0.0,False,0,0.0,0.0,1.0
npc:i172:e172,172,78,joy_decoy,weather,True,0.0,False,0,1.1875,0.0,0.0
npc:i173:e173,173,77,affect_only,weather,True,0.12506719824560847,True,6,0.8125,0.8125,0.0
npc:i174:e174,174,76,structural_low,threat,True,0.0031966180196061826,False,0,0.0375,0.0375,1.0
npc:i175:e175,175,75,combined,threat,True,0.05860466369277963,True,0,0.6875,0.6875,1.0
npc:i176:e176,176,74,no_payload_structural,respect,False,0.0,False,0,0.0,0.0,1.0
npc:i177:e177,177,73,joy_decoy,weather,True,0.0,False,0,1.1875,0.0,0.0
npc:i178:e178,178,72,affect_only,weather,True,0.08576610858278476,True,2,0.8125,0.8125,0.0
npc:i179:e179,179,71,structural_low,respect,True,0.003957829822863412,False,0,0.0375,0.0375,1.0
npc:i180:e180,180,70,combined,respect,True,0.07256021341916269,True,0,0.6875,0.6875,1.0
npc:i181:e181,181,69,no_payload_structural,betrayal,False,0.0,False,0,0.0,0.0,1.0
npc:i182:e182,182,68,joy_decoy,weather,True,0.0,False,0,1.1875,0.0,0.0
npc:i183:e183,183,67,affect_only,weather,True,0.09286712170454138,True,4,0.8125,0.8125,0.0
npc:i184:e184,184,66,structural_low,betrayal,True,0.0042852320778034025,False,0,0.0375,0.0375,1.0
npc:i185:e185,185,65,combined,betrayal,True,0.07856298663981452,True,1,0.6875,0.6875,1.0
npc:i186:e186,186,64,no_payload_structural,threat,False,0.0,False,0,0.0,0.0,1.0
npc:i187:e187,187,63,joy_decoy,weather,True,0.0,False,0,1.1875,0.0,0.0
npc:i188:e188,188,62,affect_only,weather,True,0.12506719824560847,True,6,0.8125,0.8125,0.0
npc:i189:e189,189,61,structural_low,threat,True,0.0031966180196061826,False,0,0.0375,0.0375,1.0
npc:i190:e190,190,60,combined,threat,True,0.05860466369277963,True,0,0.6875,0.6875,1.0
npc:i191:e191,191,59,no_payload_structural,respect,False,0.0,False,0,0.0,0.0,1.0
npc:i192:e192,192,58,joy_decoy,weather,True,0.0,False,0,1.1875,0.0,0.0
npc:i193:e193,193,57,affect_only,weather,True,0.08576610858278476,True,2,0.8125,0.8125,0.0
npc:i194:e194,194,56,structural_low,respect,True,0.003957829822863412,False,0,0.0375,0.0375,1.0
npc:i195:e195,195,55,combined,respect,True,0.07256021341916269,True,0,0.6875,0.6875,1.0
npc:i196:e196,196,54,no_payload_structural,betrayal,False,0.0,False,0,0.0,0.0,1.0
npc:i197:e197,197,53,joy_decoy,weather,True,0.0,False,0,1.1875,0.0,0.0
npc:i198:e198,198,52,affect_only,weather,True,0.09286712170454138,True,4,0.8125,0.8125,0.0
npc:i199:e199,199,51,structural_low,betrayal,True,0.0042852320778034025,False,0,0.0375,0.0375,1.0
npc:i200:e200,200,50,combined,betrayal,True,0.07856298663981452,True,1,0.6875,0.6875,1.0
npc:i201:e201,201,49,no_payload_structural,threat,False,0.0,False,0,0.0,0.0,1.0
npc:i202:e202,202,48,joy_decoy,weather,True,0.0,False,0,1.1875,0.0,0.0
npc:i203:e203,203,47,affect_only,weather,True,0.12506719824560847,True,6,0.8125,0.8125,0.0
npc:i204:e204,204,46,structural_low,threat,True,0.0031966180196061826,False,0,0.0375,0.0375,1.0
npc:i205:e205,205,45,combined,threat,True,0.05860466369277963,True,0,0.6875,0.6875,1.0
npc:i206:e206,206,44,no_payload_structural,respect,False,0.0,False,0,0.0,0.0,1.0
npc:i207:e207,207,43,joy_decoy,weather,True,0.0,False,0,1.1875,0.0,0.0
npc:i208:e208,208,42,affect_only,weather,True,0.08576610858278476,True,2,0.8125,0.8125,0.0
npc:i209:e209,209,41,structural_low,respect,True,0.003957829822863412,False,0,0.0375,0.0375,1.0
npc:i210:e210,210,40,combined,respect,True,0.07256021341916269,True,0,0.6875,0.6875,1.0
npc:i211:e211,211,39,no_payload_structural,betrayal,False,0.0,False,0,0.0,0.0,1.0
npc:i212:e212,212,38,joy_decoy,weather,True,0.0,False,0,1.1875,0.0,0.0
npc:i213:e213,213,37,affect_only,weather,True,0.09286712170454138,True,4,0.8125,0.8125,0.0
npc:i214:e214,214,36,structural_low,betrayal,True,0.0042852320778034025,False,0,0.0375,0.0375,1.0
npc:i215:e215,215,35,combined,betrayal,True,0.07856298663981452,True,1,0.6875,0.6875,1.0
npc:i216:e216,216,34,no_payload_structural,threat,False,0.0,False,0,0.0,0.0,1.0
npc:i217:e217,217,33,joy_decoy,weather,True,0.0,False,0,1.1875,0.0,0.0
npc:i218:e218,218,32,affect_only,weather,True,0.12506719824560847,True,6,0.8125,0.8125,0.0
npc:i219:e219,219,31,structural_low,threat,True,0.0031966180196061826,False,0,0.0375,0.0375,1.0
npc:i220:e220,220,30,combined,threat,True,0.05860466369277963,True,0,0.6875,0.6875,1.0
npc:i221:e221,221,29,no_payload_structural,respect,False,0.0,False,0,0.0,0.0,1.0
npc:i222:e222,222,28,joy_decoy,weather,True,0.0,False,0,1.1875,0.0,0.0
npc:i223:e223,223,27,affect_only,weather,True,0.08576610858278476,True,2,0.8125,0.8125,0.0
npc:i224:e224,224,26,structural_low,respect,True,0.003957829822863412,False,0,0.0375,0.0375,1.0
npc:i225:e225,225,25,combined,respect,True,0.07256021341916269,True,0,0.6875,0.6875,1.0
npc:i226:e226,226,24,no_payload_structural,betrayal,False,0.0,False,0,0.0,0.0,1.0
npc:i227:e227,227,23,joy_decoy,weather,True,0.0,False,0,1.1875,0.0,0.0
npc:i228:e228,228,22,affect_only,weather,True,0.09286712170454138,True,4,0.8125,0.8125,0.0
npc:i229:e229,229,21,structural_low,betrayal,True,0.0042852320778034025,False,0,0.0375,0.0375,1.0
npc:i230:e230,230,20,combined,betrayal,True,0.07856298663981452,True,1,0.6875,0.6875,1.0
npc:i231:e231,231,19,no_payload_structural,threat,False,0.0,False,0,0.0,0.0,1.0
npc:i232:e232,232,18,joy_decoy,weather,True,0.0,False,0,1.1875,0.0,0.0
npc:i233:e233,233,17,affect_only,weather,True,0.12506719824560847,True,6,0.8125,0.8125,0.0
npc:i234:e234,234,16,structural_low,threat,True,0.0031966180196061826,False,0,0.0375,0.0375,1.0
npc:i235:e235,235,15,combined,threat,True,0.05860466369277963,True,0,0.6875,0.6875,1.0
npc:i236:e236,236,14,no_payload_structural,respect,False,0.0,False,0,0.0,0.0,1.0
npc:i237:e237,237,13,joy_decoy,weather,True,0.0,False,0,1.1875,0.0,0.0
npc:i238:e238,238,12,affect_only,weather,True,0.08576610858278476,True,2,0.8125,0.8125,0.0
npc:i239:e239,239,11,structural_low,respect,True,0.003957829822863412,False,0,0.0375,0.0375,1.0
npc:i240:e240,240,10,combined,respect,True,0.07256021341916269,True,0,0.6875,0.6875,1.0
npc:i241:e241,241,9,no_payload_structural,betrayal,False,0.0,False,0,0.0,0.0,1.0
npc:i242:e242,242,8,joy_decoy,weather,True,0.0,False,0,1.1875,0.0,0.0
npc:i243:e243,243,7,affect_only,weather,True,0.09286712170454138,True,4,0.8125,0.8125,0.0
npc:i244:e244,244,6,structural_low,betrayal,True,0.0042852320778034025,False,0,0.0375,0.0375,1.0
npc:i245:e245,245,5,combined,betrayal,True,0.07856298663981452,True,1,0.6875,0.6875,1.0
npc:i246:e246,246,4,no_payload_structural,threat,False,0.0,False,0,0.0,0.0,1.0
npc:i247:e247,247,3,joy_decoy,weather,True,0.0,False,0,1.1875,0.0,0.0
npc:i248:e248,248,2,affect_only,weather,True,0.12506719824560847,True,6,0.8125,0.8125,0.0
npc:i249:e249,249,1,structural_low,threat,True,0.0031966180196061826,False,0,0.0375,0.0375,1.0
npc:i250:e250,250,0,combined,threat,True,0.05860466369277963,True,0,0.6875,0.6875,1.0
