phase,evidence_zip_sha256,source_filename,zip_bytes,text_members_extracted
1Q,211fe5a86c5f63fab67b6ced1580728cd72d2264855d9e54e37578e645438b3d,PHASE1Q_DIAGNOSTIC_20261001_172750.zip,3430,7
1R,d816065623443b86308798837dacc698405bf8d38fcf04eccda69d7d23495447,PHASE1R_BOUNDED_LIFECYCLE_20261001_173947.zip,4519,5
1S,97d7fe6d2ab0a536eab26618bfc46f8ad83dfbcd6e0e36f739f37b9942aeefac,PHASE1S_LIFECYCLE_CONTRACT_20261001_184539.zip,54831,4
1T,aa519da928662fe84c646ceda5a70fe2f5d40f060eab822a45a3095a67b6f9ad,PHASE1T_RETENTION_VALUE_20261001_191541.zip,5275,5
1U,6e0698a9ceb181bda08371b81f60bc927b4304c38c62026d12371b9e2b032123,PHASE1U_ADVERSARIAL_RETENTION_20261001_193348.zip,7193,6
1V,e3687feead1fcadecc91a2a9b73da2ed664c9e3249a21e867f1e081161b53843,PHASE1V_ORACLE_RETENTION_20261001_194846.zip,13615,5
1W,88057ad0b43bf9a52c0cc26cc9a7cc7911371063ca0ce851c7872a0650cf7330,PHASE1W_EXACT_EPISODE_INCREMENTAL_20261001_215321.zip,10880,5
1X,42028a56684cc5d52821ef4ac86ab619681febe17c7acc4a4a49025935716129,PHASE1X_HYBRID_PAYLOAD_STUB_20261001_231157.zip,2561,3
1Y,58096c4620e9015474768ba0e9563a6bd0bfdf1cd23074673197b75f733c577f,PHASE1Y_ONLINE_PAYLOAD_SIGNALS_20261002_005213.zip,25167,6
1Z,b9349d485111eef16fed621bba785b8e98c5e3b91ea0aab71030794775ae33ec,PHASE1Z_FROZEN_SELECTOR_REPLICATION_20261002_010815.zip,19625,7
2A,7039ae52ccfa93303453690ff796a2a753355d60eabf0b3428f1242c48e13ef4,PHASE2A_FULL_PAYLOAD_CAPACITY_SCALING_20261002_012536.zip,51501,8
2B,c34babd0096043a8833a6dfabb82cf8d63920defd12a03c5d4747a3cc2382aad,PHASE2B_TIERED_EXTERNAL_ARCHIVE_20261002_015245.zip,3970,3
2C,26fc334245e9c533b04147e4e3348949acedcf49d6db32e2ef3d67f4bc82ee3a,PHASE2C_CACHE_CRASH_ATOMICITY_20261002_024516.zip,2212,4
