episode_id,index,intended_positive,payload_l1,future_value,material,default_distance,no_foreground_distance,default_ensemble_rms,no_foreground_ensemble_rms
npc:i100:e100,100,False,0.82,6.855466270102735e-10,False,6.855466270102735e-10,6.855466270102735e-10,3.0995779911718777e-10,3.0995779911718777e-10
npc:i101:e101,101,True,0.91,0.15864281963338697,True,0.15864281963338697,0.15864281963338697,0.07186935610502407,0.07186935610502407
npc:i102:e102,102,False,1.0,6.938893903907228e-17,False,6.938893903907228e-17,6.938893903907228e-17,2.82072651683033e-17,2.82072651683033e-17
npc:i103:e103,103,False,1.0899999999999999,4.3303695217187354e-10,False,4.3303695217187354e-10,4.3303695217187354e-10,1.9579001012304714e-10,1.9579001012304714e-10
npc:i104:e104,104,False,0.9199999999999999,8.546481294200054e-10,False,8.546481294200054e-10,8.546481294200054e-10,3.864140564101202e-10,3.864140564101202e-10
npc:i105:e105,105,True,0.58,0.09624796953257915,True,0.09624796953257916,0.09624796953257912,0.04359044177676169,0.04359044177676169
npc:i106:e106,106,False,0.67,5.551115123125783e-17,False,5.551115123125783e-17,5.551115123125783e-17,2.3196048762950643e-17,2.3196048762950643e-17
npc:i107:e107,107,False,0.76,3.7819322202504974e-10,False,3.7819322202504974e-10,3.7819322202504974e-10,1.709933862050717e-10,1.709933862050717e-10
npc:i108:e108,108,False,0.5900000000000001,5.324412147098329e-10,False,5.324412147098329e-10,5.324412147098329e-10,2.40733890797164e-10,2.40733890797164e-10
npc:i109:e109,109,True,0.6799999999999999,0.12204622353173693,True,0.12204622353173693,0.12204622353173693,0.05529553152512615,0.05529553152512615
npc:i10:e10,10,False,0.84,2.7755575615628914e-17,False,2.7755575615628914e-17,2.7755575615628914e-17,1.1739862079479961e-17,1.1739862079479961e-17
npc:i110:e110,110,False,0.77,4.163336342344337e-17,False,4.163336342344337e-17,4.163336342344337e-17,1.8472972473890426e-17,1.8472972473890426e-17
npc:i111:e111,111,False,0.8599999999999999,3.233494918513066e-10,False,3.233494918513066e-10,3.233494918513066e-10,1.461967622872282e-10,1.461967622872282e-10
npc:i112:e112,112,False,0.95,7.015427138763563e-10,False,7.015427138763563e-10,7.015427138763563e-10,3.171901480893618e-10,3.171901480893618e-10
npc:i113:e113,113,True,0.78,0.15186499029509223,True,0.15186499029509226,0.1518649902950922,0.06881633698832773,0.06881633698832773
npc:i114:e114,114,False,0.8699999999999999,4.163336342344337e-17,False,4.163336342344337e-17,4.163336342344337e-17,1.5746856204965378e-17,1.5746856204965378e-17
npc:i115:e115,115,False,0.96,2.685057617044828e-10,False,2.685057617044828e-10,2.685057617044828e-10,1.214001383704801e-10,1.214001383704801e-10
npc:i116:e116,116,False,1.05,8.706442163130075e-10,False,8.706442163130075e-10,8.706442163130075e-10,3.936464048436201e-10,3.936464048436201e-10
npc:i117:e117,117,True,0.71,0.11511717952761058,True,0.11511717952761058,0.11511717952761058,0.05211662401101281,0.05211662401101281
npc:i118:e118,118,False,0.54,2.7755575615628914e-17,False,2.7755575615628914e-17,2.7755575615628914e-17,1.2043529338888319e-17,1.2043529338888319e-17
npc:i119:e119,119,False,0.63,2.136620315307396e-10,False,2.136620315307396e-10,2.136620315307396e-10,9.660351445117426e-11,9.660351445117426e-11
npc:i11:e11,11,False,0.9299999999999999,2.090917228585267e-10,False,2.090917228585267e-10,2.090917228585267e-10,9.45371290943928e-11,9.45371290943928e-11
npc:i120:e120,120,False,0.72,5.484373016028349e-10,False,5.484373016028349e-10,5.484373016028349e-10,2.4796623932112245e-10,2.4796623932112245e-10
npc:i121:e121,121,True,0.81,0.13606638276482083,True,0.13606638276482086,0.1360663827648208,0.061629895172787025,0.061629895172787025
npc:i122:e122,122,False,0.9,6.938893903907228e-17,False,6.938893903907228e-17,6.938893903907228e-17,2.925465978330765e-17,2.925465978330765e-17
npc:i123:e123,123,False,0.73,1.5881830138391582e-10,False,1.5881830138391582e-10,1.5881830138391582e-10,7.180689053005815e-11,7.180689053005815e-11
npc:i124:e124,124,False,0.8200000000000001,7.175388040125669e-10,False,7.175388040125669e-10,7.175388040125669e-10,3.244224966133379e-10,3.244224966133379e-10
npc:i125:e125,125,True,0.91,0.16221048540328295,True,0.16221048540328295,0.16221048540328295,0.07349128313755347,0.07349128313755347
npc:i126:e126,126,False,1.0,5.551115123125783e-17,False,5.551115123125783e-17,5.551115123125783e-17,2.4801086185662787e-17,2.4801086185662787e-17
npc:i127:e127,127,False,1.0899999999999999,4.0104477841278887e-10,False,4.0104477841278887e-10,4.0104477841278887e-10,1.8132531280858225e-10,1.8132531280858225e-10
npc:i128:e128,128,False,0.49,3.9533188930239435e-10,False,3.9533188930239435e-10,3.9533188930239435e-10,1.787423310000852e-10,1.787423310000852e-10
npc:i129:e129,129,True,0.5800000000000001,0.09860625432008986,True,0.09860625432008989,0.09860625432008983,0.044665986886095986,0.044665986886095986
npc:i12:e12,12,False,0.59,4.0447250991694865e-10,False,4.0447250991694865e-10,4.0447250991694865e-10,1.8287510153419976e-10,1.8287510153419976e-10
npc:i130:e130,130,False,0.6699999999999999,5.551115123125783e-17,False,5.551115123125783e-17,5.551115123125783e-17,2.172217384091364e-17,2.172217384091364e-17
npc:i131:e131,131,False,0.76,3.4620104502275673e-10,False,3.4620104502275673e-10,3.4620104502275673e-10,1.565286888450428e-10,1.565286888450428e-10
npc:i132:e132,132,False,0.85,5.644333884958372e-10,False,5.644333884958372e-10,5.644333884958372e-10,2.551985882933882e-10,2.551985882933882e-10
npc:i133:e133,133,True,0.68,0.1262150952311216,True,0.1262150952311216,0.1262150952311216,0.0571889360577393,0.0571889360577393
npc:i134:e134,134,False,0.77,4.163336342344337e-17,False,4.163336342344337e-17,4.163336342344337e-17,1.7433755170605403e-17,1.7433755170605403e-17
npc:i135:e135,135,False,0.86,2.91357318092222e-10,False,2.91357318092222e-10,2.91357318092222e-10,1.3173206497282822e-10,1.3173206497282822e-10
npc:i136:e136,136,False,0.95,7.33534890905569e-10,False,7.33534890905569e-10,7.33534890905569e-10,3.3165484504631985e-10,3.3165484504631985e-10
npc:i137:e137,137,True,1.04,0.17606618996401718,True,0.17606618996401718,0.17606618996401718,0.07975133080071325,0.07975133080071325
npc:i138:e138,138,False,0.87,2.7755575615628914e-17,False,2.7755575615628914e-17,2.7755575615628914e-17,1.2771146861785516e-17,1.2771146861785516e-17
npc:i139:e139,139,False,0.96,2.3651358794539824e-10,False,2.3651358794539824e-10,2.3651358794539824e-10,1.0693544105277792e-10,1.0693544105277792e-10
npc:i13:e13,13,True,0.6799999999999999,0.11136441664560429,True,0.11136441664560431,0.11136441664560426,0.05042935531521758,0.05042935531521758
npc:i140:e140,140,False,0.62,4.113279761953964e-10,False,4.113279761953964e-10,4.113279761953964e-10,1.8597467952602959e-10,1.8597467952602959e-10
npc:i141:e141,141,True,0.71,0.11580341015710734,True,0.11580341015710735,0.11580341015710731,0.0524360661648462,0.052436066164846196
npc:i142:e142,142,False,0.8,6.938893903907228e-17,False,6.938893903907228e-17,6.938893903907228e-17,3.0885873398356455e-17,3.0885873398356455e-17
npc:i143:e143,143,False,0.63,1.816698545284468e-10,False,1.816698545284468e-10,1.816698545284468e-10,8.213881708918436e-11,8.213881708918436e-11
npc:i144:e144,144,False,0.72,5.804294786051283e-10,False,5.804294786051283e-10,5.804294786051283e-10,2.6243093681693326e-10,2.6243093681693326e-10
npc:i145:e145,145,True,0.81,0.13873706474577827,True,0.1387370647457783,0.13873706474577827,0.06284661761862682,0.06284661761862682
npc:i146:e146,146,False,0.8999999999999999,5.551115123125783e-17,False,5.551115123125783e-17,5.551115123125783e-17,2.6885415790960616e-17,2.6885415790960616e-17
npc:i147:e147,147,False,0.99,4.238963315573192e-10,False,4.238963315573192e-10,4.238963315573192e-10,1.9165723923219562e-10,1.9165723923219562e-10
npc:i148:e148,148,False,0.8200000000000001,7.495309777716518e-10,False,7.495309777716518e-10,7.495309777716518e-10,3.3888719401736953e-10,3.3888719401736953e-10
npc:i149:e149,149,True,0.9099999999999999,0.1661974789949855,True,0.1661974789949855,0.1661974789949855,0.07530256897909628,0.07530256897909628
npc:i14:e14,14,False,0.77,6.938893903907228e-17,False,6.938893903907228e-17,6.938893903907228e-17,2.903784089385843e-17,2.903784089385843e-17
npc:i150:e150,150,False,1.0,5.551115123125783e-17,False,5.551115123125783e-17,5.551115123125783e-17,2.297444613877834e-17,2.297444613877834e-17
npc:i151:e151,151,False,1.09,3.6905260141049534e-10,False,3.6905260141049534e-10,3.6905260141049534e-10,1.6686061535905512e-10,1.6686061535905512e-10
npc:i152:e152,152,False,0.75,4.273240630883986e-10,False,4.273240630883986e-10,4.273240630883986e-10,1.93207028629986e-10,1.93207028629986e-10
npc:i153:e153,153,True,0.58,0.10172206367801855,True,0.10172206367801857,0.10172206367801852,0.04608381496923579,0.04608381496923579
npc:i154:e154,154,False,0.67,4.163336342344337e-17,False,4.163336342344337e-17,4.163336342344337e-17,1.8472972473890426e-17,1.8472972473890426e-17
npc:i155:e155,155,False,0.76,3.1420887126367154e-10,False,3.1420887126367154e-10,3.1420887126367154e-10,1.4206399139705322e-10,1.4206399139705322e-10
npc:i156:e156,156,False,0.8500000000000001,5.964255654981304e-10,False,5.964255654981304e-10,5.964255654981304e-10,2.696632852492646e-10,2.696632852492646e-10
npc:i157:e157,157,True,0.68,0.1308811787310389,True,0.1308811787310389,0.1308811787310389,0.05930680277658189,0.05930680277658189
npc:i158:e158,158,False,0.77,2.7755575615628914e-17,False,2.7755575615628914e-17,2.7755575615628914e-17,1.4325917412115877e-17,1.4325917412115877e-17
npc:i159:e159,159,False,0.86,2.593651410899284e-10,False,2.593651410899284e-10,2.593651410899284e-10,1.1726736747555126e-10,1.1726736747555126e-10
npc:i15:e15,15,False,0.6000000000000001,1.5424799268478368e-10,False,1.5424799268478368e-10,1.5424799268478368e-10,6.974050517655641e-11,6.974050517655641e-11
npc:i160:e160,160,False,0.9500000000000001,7.655270679078623e-10,False,7.655270679078623e-10,7.655270679078623e-10,3.461195426312125e-10,3.461195426312125e-10
npc:i161:e161,161,True,1.04,0.17890669838688125,True,0.17890669838688128,0.17890669838688125,0.0810447884102087,0.0810447884102087
npc:i162:e162,162,False,0.87,2.7755575615628914e-17,False,2.7755575615628914e-17,2.7755575615628914e-17,1.1428128646185228e-17,1.1428128646185228e-17
npc:i163:e163,163,False,0.53,2.0452141091618523e-10,False,2.0452141091618523e-10,2.0452141091618523e-10,9.247074360384079e-11,9.247074360384079e-11
npc:i164:e164,164,False,0.62,4.4332015319768976e-10,False,4.4332015319768976e-10,4.4332015319768976e-10,2.004393770177175e-10,2.004393770177175e-10
npc:i165:e165,165,True,0.71,0.11719026274234988,True,0.11719026274234988,0.11719026274234988,0.05307243558361717,0.05307243558361717
npc:i166:e166,166,False,0.8,6.938893903907228e-17,False,6.938893903907228e-17,6.938893903907228e-17,2.874620525849714e-17,2.874620525849714e-17
npc:i167:e167,167,False,0.63,1.496776807693614e-10,False,1.496776807693614e-10,1.496776807693614e-10,6.767411964052506e-11,6.767411964052506e-11
npc:i168:e168,168,False,0.72,6.124216556074219e-10,False,6.124216556074219e-10,6.124216556074219e-10,2.768956343557281e-10,2.768956343557281e-10
npc:i169:e169,169,True,0.8099999999999999,0.14193853897313602,True,0.14193853897313602,0.14193853897313602,0.06430314580632336,0.06430314580632336
npc:i16:e16,16,False,0.69,5.735740123535999e-10,False,5.735740123535999e-10,5.735740123535999e-10,2.593313587384356e-10,2.593313587384356e-10
npc:i170:e170,170,False,0.8999999999999999,5.551115123125783e-17,False,5.551115123125783e-17,5.551115123125783e-17,2.440972299197189e-17,2.440972299197189e-17
npc:i171:e171,171,False,0.99,3.9190415455502585e-10,False,3.9190415455502585e-10,3.9190415455502585e-10,1.7719254218545554e-10,1.7719254218545554e-10
npc:i172:e172,172,False,0.8200000000000001,7.81523154773945e-10,False,7.81523154773945e-10,7.81523154773945e-10,3.5335189097537164e-10,3.5335189097537164e-10
npc:i173:e173,173,True,0.9099999999999999,0.17057439892841858,True,0.17057439892841858,0.17057439892841858,0.0772899019270517,0.07728990192705168
npc:i174:e174,174,False,1.0,4.163336342344337e-17,False,4.163336342344337e-17,4.163336342344337e-17,1.959546586999669e-17,1.959546586999669e-17
npc:i175:e175,175,False,0.6599999999999999,3.3706042440820206e-10,False,3.3706042440820206e-10,3.3706042440820206e-10,1.5239591826779656e-10,1.5239591826779656e-10
npc:i176:e176,176,False,0.75,4.593162400906918e-10,False,4.593162400906918e-10,4.593162400906918e-10,2.0767172545447324e-10,2.0767172545447324e-10
npc:i177:e177,177,True,0.58,0.10552831934023275,True,0.10552831934023278,0.10552831934023273,0.04781348624732185,0.04781348624732185
npc:i178:e178,178,False,0.6699999999999999,4.163336342344337e-17,False,4.163336342344337e-17,4.163336342344337e-17,1.685451473039545e-17,1.685451473039545e-17
npc:i179:e179,179,False,0.76,2.8221669423445886e-10,False,2.8221669423445886e-10,2.8221669423445886e-10,1.275992943476265e-10,1.275992943476265e-10
npc:i17:e17,17,True,0.78,0.13515893073708354,True,0.13515893073708352,0.13515893073708357,0.06122902077557687,0.06122902077557686
npc:i180:e180,180,False,0.8500000000000001,6.284177425004237e-10,False,6.284177425004237e-10,6.284177425004237e-10,2.841279826554202e-10,2.841279826554202e-10
npc:i181:e181,181,True,0.94,0.1568470915314252,True,0.1568470915314252,0.15684709153142518,0.07103884762695663,0.07103884762695663
npc:i182:e182,182,False,0.77,2.7755575615628914e-17,False,2.7755575615628914e-17,2.7755575615628914e-17,1.2557289285379425e-17,1.2557289285379425e-17
npc:i183:e183,183,False,0.8600000000000001,2.273729640876351e-10,False,2.273729640876351e-10,2.273729640876351e-10,1.0280267043005505e-10,1.0280267043005505e-10
npc:i184:e184,184,False,0.95,7.975192416669473e-10,False,7.975192416669473e-10,7.975192416669473e-10,3.6058424008112954e-10,3.6058424008112954e-10
npc:i185:e185,185,True,1.04,0.1821553548565792,True,0.18215535485657922,0.18215535485657916,0.08252263047080126,0.08252263047080126
npc:i186:e186,186,False,0.7,6.938893903907228e-17,False,6.938893903907228e-17,6.938893903907228e-17,2.949029909160572e-17,2.949029909160572e-17
npc:i187:e187,187,False,0.53,1.7252923391389193e-10,False,1.7252923391389193e-10,1.7252923391389193e-10,7.800604651156636e-11,7.800604651156636e-11
npc:i188:e188,188,False,0.62,4.753123269836941e-10,False,4.753123269836941e-10,4.753123269836941e-10,2.149040744251443e-10,2.149040744251443e-10
npc:i189:e189,189,True,0.71,0.11925329620270218,True,0.11925329620270221,0.11925329620270216,0.05401453184194484,0.05401453184194484
npc:i18:e18,18,False,0.8699999999999999,5.551115123125783e-17,False,5.551115123125783e-17,5.551115123125783e-17,2.4801086185662787e-17,2.4801086185662787e-17
npc:i190:e190,190,False,0.8,5.551115123125783e-17,False,5.551115123125783e-17,5.551115123125783e-17,2.60670703859126e-17,2.60670703859126e-17
npc:i191:e191,191,False,0.89,4.1475571096968433e-10,False,4.1475571096968433e-10,4.1475571096968433e-10,1.875244687904648e-10,1.875244687904648e-10
npc:i192:e192,192,False,0.72,6.444138293934258e-10,False,6.444138293934258e-10,6.444138293934258e-10,2.9136033117896056e-10,2.9136033117896056e-10
npc:i193:e193,193,True,0.8099999999999999,0.1456358048467661,True,0.14563580484676614,0.14563580484676608,0.06598360116325032,0.06598360116325032
npc:i194:e194,194,False,0.9,5.551115123125783e-17,False,5.551115123125783e-17,5.551115123125783e-17,2.2604718276727948e-17,2.2604718276727948e-17
npc:i195:e195,195,False,0.99,3.599119807959412e-10,False,3.599119807959412e-10,3.599119807959412e-10,1.6272784486901792e-10,1.6272784486901792e-10
npc:i196:e196,196,False,1.08,8.135153318031578e-10,False,8.135153318031578e-10,8.135153318031578e-10,3.6781658847139803e-10,3.6781658847139803e-10
npc:i197:e197,197,True,0.91,0.17531204240233067,True,0.17531204240233067,0.17531204240233067,0.07944007069690459,0.07944007069690459
npc:i198:e198,198,False,0.57,4.163336342344337e-17,False,4.163336342344337e-17,4.163336342344337e-17,1.8472972473890426e-17,1.8472972473890426e-17
npc:i199:e199,199,False,0.66,3.050682473789897e-10,False,3.050682473789897e-10,3.050682473789897e-10,1.3793122090694503e-10,1.3793122090694503e-10
npc:i19:e19,19,False,0.96,3.9647446649736696e-10,False,3.9647446649736696e-10,3.9647446649736696e-10,1.7925892727207466e-10,1.7925892727207466e-10
npc:i1:e1,1,True,0.55,0.09495694260887287,True,0.09495694260887287,0.09495694260887287,0.043016233877532256,0.043016233877532256
npc:i200:e200,200,False,0.75,4.913084170929852e-10,False,4.913084170929852e-10,4.913084170929852e-10,2.2213642285923798e-10,2.2213642285923798e-10
npc:i201:e201,201,True,0.8400000000000001,0.13690970200786065,True,0.13690970200786065,0.13690970200786065,0.061992220799499384,0.06199222079949938
npc:i202:e202,202,False,0.67,2.7755575615628914e-17,False,2.7755575615628914e-17,2.7755575615628914e-17,1.3211260394454924e-17,1.3211260394454924e-17
npc:i203:e203,203,False,0.76,2.502245204753743e-10,False,2.502245204753743e-10,2.502245204753743e-10,1.1313459703153334e-10,1.1313459703153334e-10
npc:i204:e204,204,False,0.85,6.604099162595087e-10,False,6.604099162595087e-10,6.604099162595087e-10,2.9859268014940743e-10,2.9859268014940743e-10
npc:i205:e205,205,True,0.94,0.15925825554467588,True,0.15925825554467588,0.15925825554467588,0.07213829565751309,0.07213829565751308
npc:i206:e206,206,False,1.03,6.938893903907228e-17,False,6.938893903907228e-17,6.938893903907228e-17,3.1986720415755645e-17,3.1986720415755645e-17
npc:i207:e207,207,False,0.86,1.9538079030163123e-10,False,1.9538079030163123e-10,1.9538079030163123e-10,8.833797311335524e-11,8.833797311335524e-11
npc:i208:e208,208,False,0.95,8.295114186692405e-10,False,8.295114186692405e-10,8.295114186692405e-10,3.750489369011806e-10,3.750489369011806e-10
npc:i209:e209,209,True,1.04,0.1857907505075017,True,0.1857907505075017,0.1857907505075017,0.08417514596708194,0.08417514596708194
npc:i20:e20,20,False,0.79,7.42675511493204e-10,False,7.42675511493204e-10,7.42675511493204e-10,3.357876160262471e-10,3.357876160262471e-10
npc:i210:e210,210,False,0.7,6.938893903907228e-17,False,6.938893903907228e-17,6.938893903907228e-17,2.82072651683033e-17,2.82072651683033e-17
npc:i211:e211,211,False,0.53,1.4053705691159925e-10,False,1.4053705691159925e-10,1.4053705691159925e-10,6.35413491499906e-11,6.35413491499906e-11
npc:i212:e212,212,False,0.62,5.073045039859872e-10,False,5.073045039859872e-10,5.073045039859872e-10,2.293687713805239e-10,2.293687713805239e-10
npc:i213:e213,213,True,0.71,0.12195820072787446,True,0.12195820072787446,0.12195820072787446,0.05524671690540503,0.05524671690540503
npc:i214:e214,214,False,0.8,5.551115123125783e-17,False,5.551115123125783e-17,5.551115123125783e-17,2.3709297807358708e-17,2.3709297807358708e-17
npc:i215:e215,215,False,0.8900000000000001,3.8276353394047145e-10,False,3.8276353394047145e-10,3.8276353394047145e-10,1.7305977129312117e-10,1.7305977129312117e-10
npc:i216:e216,216,False,0.72,6.764060063957191e-10,False,6.764060063957191e-10,6.764060063957191e-10,3.0582502867327194e-10,3.0582502867327194e-10
npc:i217:e217,217,True,0.81,0.14979215452380967,True,0.1497921545238097,0.14979215452380965,0.06787135280622238,0.06787135280622238
npc:i218:e218,218,False,0.9,4.163336342344337e-17,False,4.163336342344337e-17,4.163336342344337e-17,1.9034588800072586e-17,1.9034588800072586e-17
npc:i219:e219,219,False,0.99,3.2791980379364765e-10,False,3.2791980379364765e-10,3.2791980379364765e-10,1.4826314742097326e-10,1.4826314742097326e-10
npc:i21:e21,21,True,0.8800000000000001,0.1633092936146719,True,0.16330929361467195,0.16330929361467184,0.07399654944830521,0.07399654944830521
npc:i220:e220,220,False,1.08,8.455075055622427e-10,False,8.455075055622427e-10,8.455075055622427e-10,3.822812858746848e-10,3.822812858746848e-10
npc:i221:e221,221,True,0.48,0.08505967734032058,True,0.08505967734032059,0.08505967734032055,0.03853652594203225,0.038536525942032246
npc:i222:e222,222,False,0.5700000000000001,4.163336342344337e-17,False,4.163336342344337e-17,4.163336342344337e-17,1.6493562521320162e-17,1.6493562521320162e-17
npc:i223:e223,223,False,0.6599999999999999,2.730760736199045e-10,False,2.730760736199045e-10,2.730760736199045e-10,1.2346652345423665e-10,1.2346652345423665e-10
npc:i224:e224,224,False,0.75,5.2330059085207e-10,False,5.2330059085207e-10,5.2330059085207e-10,2.3660112035295845e-10,2.3660112035295845e-10
npc:i225:e225,225,True,0.84,0.1381870601872022,True,0.1381870601872022,0.13818706018720217,0.06257907225821249,0.06257907225821249
npc:i226:e226,226,False,0.67,2.7755575615628914e-17,False,2.7755575615628914e-17,2.7755575615628914e-17,1.2043529338888319e-17,1.2043529338888319e-17
npc:i227:e227,227,False,0.76,2.182323434730807e-10,False,2.182323434730807e-10,2.182323434730807e-10,9.866989953646751e-11,9.866989953646751e-11
npc:i228:e228,228,False,0.85,6.924020932887213e-10,False,6.924020932887213e-10,6.924020932887213e-10,3.130573771077864e-10,3.130573771077864e-10
npc:i229:e229,229,True,0.94,0.16214202691585536,True,0.16214202691585536,0.16214202691585536,0.0734512993484104,0.0734512993484104
npc:i22:e22,22,False,0.97,4.163336342344337e-17,False,4.163336342344337e-17,4.163336342344337e-17,2.1174998587429782e-17,2.1174998587429782e-17
npc:i230:e230,230,False,1.03,6.938893903907228e-17,False,6.938893903907228e-17,6.938893903907228e-17,2.925465978330765e-17,2.925465978330765e-17
npc:i231:e231,231,False,0.86,1.6338861329933752e-10,False,1.6338861329933752e-10,1.6338861329933752e-10,7.38732756651186e-11,7.38732756651186e-11
npc:i232:e232,232,False,0.95,8.615035956984532e-10,False,8.615035956984532e-10,8.615035956984532e-10,3.8951363430972413e-10,3.8951363430972413e-10
npc:i233:e233,233,True,0.61,0.10043739733802758,True,0.1004373973380276,0.10043739733802755,0.0454842968392224,0.04548429683922239
npc:i234:e234,234,False,0.7,5.551115123125783e-17,False,5.551115123125783e-17,5.551115123125783e-17,2.5329338971319363e-17,2.5329338971319363e-17
npc:i235:e235,235,False,0.79,4.0561508708500196e-10,False,4.0561508708500196e-10,4.0561508708500196e-10,1.8339169816393237e-10,1.8339169816393237e-10
npc:i236:e236,236,False,0.62,5.392966809882806e-10,False,5.392966809882806e-10,5.392966809882806e-10,2.438334688783265e-10,2.438334688783265e-10
npc:i237:e237,237,True,0.71,0.1252634020388009,True,0.1252634020388009,0.1252634020388009,0.05675009828133933,0.05675009828133933
npc:i238:e238,238,False,0.8,5.551115123125783e-17,False,5.551115123125783e-17,5.551115123125783e-17,2.237726045655905e-17,2.237726045655905e-17
npc:i239:e239,239,False,0.8899999999999999,3.5077135693817817e-10,False,3.5077135693817817e-10,3.5077135693817817e-10,1.5859507424665633e-10,1.5859507424665633e-10
npc:i23:e23,23,False,1.06,3.4163073632362376e-10,False,3.4163073632362376e-10,3.4163073632362376e-10,1.5446230335610032e-10,1.5446230335610032e-10
npc:i240:e240,240,False,0.98,7.083981801548041e-10,False,7.083981801548041e-10,7.083981801548041e-10,3.202897260776504e-10,3.202897260776504e-10
npc:i24:e24,24,False,0.72,4.2046859680995084e-10,False,4.2046859680995084e-10,4.2046859680995084e-10,1.9010745050518277e-10,1.9010745050518277e-10
npc:i25:e25,25,True,0.55,0.09845910380359645,True,0.09845910380359647,0.09845910380359642,0.04460857341225417,0.04460857341225417
npc:i26:e26,26,False,0.64,4.163336342344337e-17,False,4.163336342344337e-17,4.163336342344337e-17,1.720789728437317e-17,1.720789728437317e-17
npc:i27:e27,27,False,0.73,2.8678700617679997e-10,False,2.8678700617679997e-10,2.8678700617679997e-10,1.296656794809709e-10,1.296656794809709e-10
npc:i28:e28,28,False,0.8200000000000001,5.895700992196827e-10,False,5.895700992196827e-10,5.895700992196827e-10,2.665637072593953e-10,2.665637072593953e-10
npc:i29:e29,29,True,0.91,0.1507362953522322,True,0.1507362953522322,0.1507362953522322,0.06826693475289615,0.06826693475289614
npc:i2:e2,2,False,0.64,4.163336342344337e-17,False,4.163336342344337e-17,4.163336342344337e-17,1.8472972473890426e-17,1.8472972473890426e-17
npc:i30:e30,30,False,0.74,2.7755575615628914e-17,False,2.7755575615628914e-17,2.7755575615628914e-17,1.2771146861785516e-17,1.2771146861785516e-17
npc:i31:e31,31,False,0.8300000000000001,2.319432760030568e-10,False,2.319432760030568e-10,2.319432760030568e-10,1.0486905551571223e-10,1.0486905551571223e-10
npc:i32:e32,32,False,0.92,7.586716016294146e-10,False,7.586716016294146e-10,7.586716016294146e-10,3.430199645510458e-10,3.430199645510458e-10
npc:i33:e33,33,True,1.01,0.17536791615498806,True,0.1753679161549881,0.17536791615498803,0.07944496846261631,0.07944496846261631
npc:i34:e34,34,False,1.1,6.938893903907228e-17,False,6.938893903907228e-17,6.938893903907228e-17,3.00162306445805e-17,3.00162306445805e-17
npc:i35:e35,35,False,0.5,1.77099545856233e-10,False,1.77099545856233e-10,1.77099545856233e-10,8.007243160044644e-11,8.007243160044644e-11
npc:i36:e36,36,False,0.59,4.364646869461614e-10,False,4.364646869461614e-10,4.364646869461614e-10,1.973397989387649e-10,1.973397989387649e-10
npc:i37:e37,37,True,0.6799999999999999,0.1130413663077702,True,0.11304136630777023,0.11304136630777017,0.05119690506956043,0.05119690506956043
npc:i38:e38,38,False,0.77,5.551115123125783e-17,False,5.551115123125783e-17,5.551115123125783e-17,2.60670703859126e-17,2.60670703859126e-17
npc:i39:e39,39,False,0.86,4.193260196418975e-10,False,4.193260196418975e-10,4.193260196418975e-10,1.8959085414573697e-10,1.8959085414573697e-10
npc:i3:e3,3,False,0.73,3.1877918317909356e-10,False,3.1877918317909356e-10,3.1877918317909356e-10,1.4413037692993419e-10,1.4413037692993419e-10
npc:i40:e40,40,False,0.6900000000000001,6.055661861126849e-10,False,6.055661861126849e-10,6.055661861126849e-10,2.7379605623120414e-10,2.7379605623120414e-10
npc:i41:e41,41,True,0.7799999999999999,0.138635138380758,True,0.138635138380758,0.138635138380758,0.06280964119371694,0.06280964119371694
npc:i42:e42,42,False,0.87,5.551115123125783e-17,False,5.551115123125783e-17,5.551115123125783e-17,2.297444613877834e-17,2.297444613877834e-17
npc:i43:e43,43,False,0.96,3.644822894681543e-10,False,3.644822894681543e-10,3.644822894681543e-10,1.647942302253166e-10,1.647942302253166e-10
npc:i44:e44,44,False,1.05,7.746676885224167e-10,False,7.746676885224167e-10,7.746676885224167e-10,3.502523129842459e-10,3.502523129842459e-10
npc:i45:e45,45,True,0.88,0.1679200352868344,True,0.1679200352868344,0.1679200352868344,0.07608943555157473,0.07608943555157471
npc:i46:e46,46,False,0.97,4.163336342344337e-17,False,4.163336342344337e-17,4.163336342344337e-17,1.8472972473890426e-17,1.8472972473890426e-17
npc:i47:e47,47,False,0.63,3.096385593213305e-10,False,3.096385593213305e-10,3.096385593213305e-10,1.3999760630758453e-10,1.3999760630758453e-10
npc:i48:e48,48,False,0.72,4.5246077381224406e-10,False,4.5246077381224406e-10,4.5246077381224406e-10,2.0457214746322551e-10,2.0457214746322551e-10
npc:i49:e49,49,True,0.81,0.13153060954729923,True,0.13153060954729925,0.1315306095472992,0.05955121293554372,0.05955121293554372
npc:i4:e4,4,False,0.8200000000000001,5.575779222173895e-10,False,5.575779222173895e-10,5.575779222173895e-10,2.520990103042751e-10,2.520990103042751e-10
npc:i50:e50,50,False,0.64,2.7755575615628914e-17,False,2.7755575615628914e-17,2.7755575615628914e-17,1.3899454937023417e-17,1.3899454937023417e-17
npc:i51:e51,51,False,0.73,2.547948291475873e-10,False,2.547948291475873e-10,2.547948291475873e-10,1.152009823896567e-10,1.152009823896567e-10
npc:i52:e52,52,False,0.8200000000000001,6.21562276221976e-10,False,6.21562276221976e-10,6.21562276221976e-10,2.810284047524234e-10,2.810284047524234e-10
npc:i53:e53,53,True,0.9099999999999999,0.15287949111017052,True,0.15287949111017055,0.1528794911101705,0.06924526834829095,0.06924526834829095
npc:i54:e54,54,False,0.74,2.7755575615628914e-17,False,2.7755575615628914e-17,2.7755575615628914e-17,1.0203949608775757e-17,1.0203949608775757e-17
npc:i55:e55,55,False,0.8300000000000001,1.9995109900076353e-10,False,1.9995109900076353e-10,1.9995109900076353e-10,9.04043584710143e-11,9.04043584710143e-11
npc:i56:e56,56,False,0.9199999999999999,7.906637753884995e-10,False,7.906637753884995e-10,7.906637753884995e-10,3.574846619578678e-10,3.574846619578678e-10
npc:i57:e57,57,True,1.01,0.1788297008779042,True,0.17882970087790423,0.17882970087790417,0.0810190758565603,0.0810190758565603
npc:i58:e58,58,False,1.1,6.938893903907228e-17,False,6.938893903907228e-17,6.938893903907228e-17,2.8588748138897816e-17,2.8588748138897816e-17
npc:i59:e59,59,False,0.5,1.4510736882702036e-10,False,1.4510736882702036e-10,1.4510736882702036e-10,6.56077345489077e-11,6.56077345489077e-11
npc:i5:e5,5,True,0.65,0.12349995042794391,True,0.12349995042794391,0.12349995042794391,0.055961032837892145,0.05596103283789214
npc:i60:e60,60,False,0.59,4.684568607052463e-10,False,4.684568607052463e-10,4.684568607052463e-10,2.1180449656928965e-10,2.1180449656928965e-10
npc:i61:e61,61,True,0.68,0.11540940513936414,True,0.11540940513936417,0.11540940513936412,0.052276860533977315,0.05227686053397731
npc:i62:e62,62,False,0.77,5.551115123125783e-17,False,5.551115123125783e-17,5.551115123125783e-17,2.4062059129081468e-17,2.4062059129081468e-17
npc:i63:e63,63,False,0.8600000000000001,3.8733384263960436e-10,False,3.8733384263960436e-10,3.8733384263960436e-10,1.7512615678319254e-10,1.7512615678319254e-10
npc:i64:e64,64,False,0.6900000000000001,6.375583631149781e-10,False,6.375583631149781e-10,6.375583631149781e-10,2.8826075318796584e-10,2.8826075318796584e-10
npc:i65:e65,65,True,0.78,0.14260480260389116,True,0.14260480260389116,0.14260480260389116,0.06461310173660698,0.06461310173660698
npc:i66:e66,66,False,0.87,4.163336342344337e-17,False,4.163336342344337e-17,4.163336342344337e-17,1.9034588800072586e-17,1.9034588800072586e-17
npc:i67:e67,67,False,0.96,3.324901157090696e-10,False,3.324901157090696e-10,3.324901157090696e-10,1.503295329098356e-10,1.503295329098356e-10
npc:i68:e68,68,False,1.0499999999999998,8.0665986552471e-10,False,8.0665986552471e-10,8.0665986552471e-10,3.6471701057100854e-10,3.6471701057100854e-10
npc:i69:e69,69,True,0.88,0.17288439552638346,True,0.17288439552638346,0.17288439552638346,0.0783419359108085,0.0783419359108085
npc:i6:e6,6,False,0.74,4.163336342344337e-17,False,4.163336342344337e-17,4.163336342344337e-17,1.4740046534905684e-17,1.4740046534905684e-17
npc:i70:e70,70,False,0.54,4.163336342344337e-17,False,4.163336342344337e-17,4.163336342344337e-17,1.685451473039545e-17,1.685451473039545e-17
npc:i71:e71,71,False,0.63,2.7764638556224587e-10,False,2.7764638556224587e-10,2.7764638556224587e-10,1.255329089933367e-10,1.255329089933367e-10
npc:i72:e72,72,False,0.72,4.844529508145374e-10,False,4.844529508145374e-10,4.844529508145374e-10,2.1903684495772113e-10,2.1903684495772113e-10
npc:i73:e73,73,True,0.81,0.13243951289365133,True,0.13243951289365136,0.1324395128936513,0.05997139974191869,0.05997139974191869
npc:i74:e74,74,False,0.64,2.7755575615628914e-17,False,2.7755575615628914e-17,2.7755575615628914e-17,1.2557289285379425e-17,1.2557289285379425e-17
npc:i75:e75,75,False,0.73,2.228026521452944e-10,False,2.228026521452944e-10,2.228026521452944e-10,1.0073628502873885e-10,1.0073628502873885e-10
npc:i76:e76,76,False,0.82,6.535544532511889e-10,False,6.535544532511889e-10,6.535544532511889e-10,2.9549310229507034e-10,2.9549310229507034e-10
npc:i77:e77,77,True,0.9099999999999999,0.1555233421826984,True,0.1555233421826984,0.1555233421826984,0.07044986759456462,0.07044986759456462
npc:i78:e78,78,False,1.0,6.938893903907228e-17,False,6.938893903907228e-17,6.938893903907228e-17,2.925465978330765e-17,2.925465978330765e-17
npc:i79:e79,79,False,0.8300000000000001,1.6795892524167912e-10,False,1.6795892524167912e-10,1.6795892524167912e-10,7.593966115731476e-11,7.593966115731476e-11
npc:i7:e7,7,False,0.83,2.6393544976214206e-10,False,2.6393544976214206e-10,2.6393544976214206e-10,1.1933375296678245e-10,1.1933375296678245e-10
npc:i80:e80,80,False,0.9199999999999999,8.226559524177121e-10,False,8.226559524177121e-10,8.226559524177121e-10,3.719493589140722e-10,3.719493589140722e-10
npc:i81:e81,81,True,1.01,0.1826769851721916,True,0.18267698517219164,0.18267698517219158,0.08276727697991676,0.08276727697991676
npc:i82:e82,82,False,0.6699999999999999,5.551115123125783e-17,False,5.551115123125783e-17,5.551115123125783e-17,2.584679766352734e-17,2.584679766352734e-17
npc:i83:e83,83,False,0.76,4.1018539902734307e-10,False,4.1018539902734307e-10,4.1018539902734307e-10,1.8545808329824895e-10,1.8545808329824895e-10
npc:i84:e84,84,False,0.59,5.004490377075395e-10,False,5.004490377075395e-10,5.004490377075395e-10,2.2626919339015215e-10,2.2626919339015215e-10
npc:i85:e85,85,True,0.6799999999999999,0.11842708384697716,True,0.11842708384697719,0.11842708384697713,0.053650359302342604,0.053650359302342604
npc:i86:e86,86,False,0.77,5.551115123125783e-17,False,5.551115123125783e-17,5.551115123125783e-17,2.237726045655905e-17,2.237726045655905e-17
npc:i87:e87,87,False,0.8600000000000001,3.553416688805193e-10,False,3.553416688805193e-10,3.553416688805193e-10,1.606614593349362e-10,1.606614593349362e-10
npc:i88:e88,88,False,0.95,6.695505401172714e-10,False,6.695505401172714e-10,6.695505401172714e-10,3.0272545059374946e-10,3.0272545059374946e-10
npc:i89:e89,89,True,0.78,0.14702795976793076,True,0.14702795976793076,0.14702795976793076,0.06662130779683775,0.06662130779683775
npc:i8:e8,8,False,0.9199999999999999,7.266794246271213e-10,False,7.266794246271213e-10,7.266794246271213e-10,3.285552670560148e-10,3.285552670560148e-10
npc:i90:e90,90,False,0.87,4.163336342344337e-17,False,4.163336342344337e-17,4.163336342344337e-17,1.7927341115447657e-17,1.7927341115447657e-17
npc:i91:e91,91,False,0.96,3.004979387067761e-10,False,3.004979387067761e-10,3.004979387067761e-10,1.3586483541689959e-10,1.3586483541689959e-10
npc:i92:e92,92,False,1.05,8.38652039283795e-10,False,8.38652039283795e-10,8.38652039283795e-10,3.7918170801926484e-10,3.7918170801926484e-10
npc:i93:e93,93,True,0.71,0.11520701306127865,True,0.11520701306127865,0.11520701306127865,0.0521477354590842,0.0521477354590842
npc:i94:e94,94,False,0.54,2.7755575615628914e-17,False,2.7755575615628914e-17,2.7755575615628914e-17,1.3211260394454924e-17,1.3211260394454924e-17
npc:i95:e95,95,False,0.63,2.456542085330329e-10,False,2.456542085330329e-10,2.456542085330329e-10,1.1106821154036386e-10,1.1106821154036386e-10
npc:i96:e96,96,False,0.72,5.164451246005418e-10,False,5.164451246005418e-10,5.164451246005418e-10,2.335015423639686e-10,2.335015423639686e-10
npc:i97:e97,97,True,0.81,0.13395824349070062,True,0.13395824349070062,0.13395824349070062,0.06066740854288861,0.06066740854288861
npc:i98:e98,98,False,0.9,6.938893903907228e-17,False,6.938893903907228e-17,6.938893903907228e-17,3.1234658433439915e-17,3.1234658433439915e-17
npc:i99:e99,99,False,0.73,1.908104783862091e-10,False,1.908104783862091e-10,1.908104783862091e-10,8.627158757758686e-11,8.627158757758686e-11
npc:i9:e9,9,True,1.01,0.172314866488611,True,0.172314866488611,0.17231486648861097,0.07805548810170457,0.07805548810170457
