policy,kind,budget,captured_value_fraction,material_fraction,target_retained,target_total,archive_bytes,archive_ratio_to_exact,meets_95pct
affect_32,affect,32,0.04305580199162124,0.25,6,24,32768,0.08421052631578947,False
diverse_32,diverse,32,0.8990649352534427,0.6666666666666666,16,24,32768,0.08421052631578947,False
random_32,random,32,0.0,0.0,0,24,32768,0.08421052631578947,False
recency_32,recency,32,0.0,0.0,0,24,32768,0.08421052631578947,False
relevant_affect_32,relevant_affect,32,0.624367120984686,0.5,12,24,32768,0.08421052631578947,False
affect_64,affect,64,0.04305580199162124,0.25,6,24,36864,0.09473684210526316,False
diverse_64,diverse,64,0.9569441980083787,0.75,18,24,36864,0.09473684210526316,False
random_64,random,64,0.0,0.0,0,24,36864,0.09473684210526316,False
recency_64,recency,64,0.16451104531034944,0.16666666666666666,4,24,36864,0.09473684210526316,False
relevant_affect_64,relevant_affect,64,0.624367120984686,0.5,12,24,36864,0.09473684210526316,False
affect_128,affect,128,0.20039088030336713,0.375,9,24,57344,0.14736842105263157,False
diverse_128,diverse,128,0.9641201650069822,0.7916666666666666,19,24,57344,0.14736842105263157,False
random_128,random,128,0.22145966489383162,0.20833333333333334,5,24,57344,0.14736842105263157,False
recency_128,recency,128,0.3523315257122133,0.3333333333333333,8,24,57344,0.14736842105263157,False
relevant_affect_128,relevant_affect,128,0.6884917075667717,0.5833333333333334,14,24,57344,0.14736842105263157,False
affect_256,affect,256,0.3810353937066275,0.5,12,24,90112,0.23157894736842105,False
diverse_256,diverse,256,0.9712961320055857,0.8333333333333334,20,24,90112,0.23157894736842105,False
random_256,random,256,0.3822700518168005,0.4166666666666667,10,24,90112,0.23157894736842105,False
recency_256,recency,256,0.5,0.5,12,24,90112,0.23157894736842105,False
relevant_affect_256,relevant_affect,256,0.7548880717846165,0.6666666666666666,16,24,90112,0.23157894736842105,False
