nominal_age,actual_age,target_class,episode_id,dimension,affect_all_score,relevant_affect_score,structural_score,behavior_distance,winner_changes,material
32,32,structural_low,npc:i1504:e1504,betrayal,0.0125,0.0,1.0,0.35706869275668357,16,True
32,33,affect_decoy,npc:i1503:e1503,weather,1.1875,0.0,0.0,0.04499341993180922,0,True
32,34,affect_only,npc:i1502:e1502,weather,0.8125,0.8125,0.0,0.15822092921892328,14,True
32,35,combined,npc:i1501:e1501,betrayal,0.6875,0.6875,1.0,0.47120366176748596,16,True
96,96,structural_low,npc:i1440:e1440,threat,0.0125,0.0,1.0,0.37131277235979315,16,True
96,97,affect_decoy,npc:i1439:e1439,weather,1.1875,0.0,0.0,0.04499341993180922,0,True
96,98,affect_only,npc:i1438:e1438,weather,0.8125,0.8125,0.0,0.22018225476868697,16,True
96,99,combined,npc:i1437:e1437,threat,0.6875,0.6875,1.0,0.5411487617172493,16,True
192,192,structural_low,npc:i1344:e1344,respect,0.0125,0.0,1.0,0.31425014739878787,16,True
192,193,affect_decoy,npc:i1343:e1343,weather,1.1875,0.0,0.0,0.04499341993180922,0,True
192,194,affect_only,npc:i1342:e1342,weather,0.8125,0.8125,0.0,0.14272158453034325,13,True
192,195,combined,npc:i1341:e1341,respect,0.6875,0.6875,1.0,0.4239183807156332,16,True
384,384,structural_low,npc:i1152:e1152,betrayal,0.0125,0.0,1.0,0.35706869275668357,16,True
384,385,affect_decoy,npc:i1151:e1151,weather,1.1875,0.0,0.0,0.04499341993180922,0,True
384,386,affect_only,npc:i1150:e1150,weather,0.8125,0.8125,0.0,0.15822092921892328,14,True
384,387,combined,npc:i1149:e1149,betrayal,0.6875,0.6875,1.0,0.47120366176748596,16,True
768,768,structural_low,npc:i768:e768,threat,0.0125,0.0,1.0,0.37131277235979315,16,True
768,769,affect_decoy,npc:i767:e767,weather,1.1875,0.0,0.0,0.04499341993180922,0,True
768,770,affect_only,npc:i766:e766,weather,0.8125,0.8125,0.0,0.22018225476868697,16,True
768,771,combined,npc:i765:e765,threat,0.6875,0.6875,1.0,0.5411487617172493,16,True
1152,1152,structural_low,npc:i384:e384,respect,0.0125,0.0,1.0,0.31425014739878787,16,True
1152,1153,affect_decoy,npc:i383:e383,weather,1.1875,0.0,0.0,0.04499341993180922,0,True
1152,1154,affect_only,npc:i382:e382,weather,0.8125,0.8125,0.0,0.14272158453034325,13,True
1152,1155,combined,npc:i381:e381,respect,0.6875,0.6875,1.0,0.4239183807156332,16,True
