episode_id,index,age,target_class,dimension,raw_behavior_distance,excess_value,material,winner_changes,affect_all_score,relevant_affect_score,structural_score
npc:i1:e1,1,255,structural_low,betrayal,0.2991995490747717,0.2541995490747717,True,0,0.0125,0.0,1.0
npc:i2:e2,2,254,affect_decoy,weather,0.08066164290170538,0.0356616429017054,True,1,1.1875,0.0,0.0
npc:i3:e3,3,253,affect_only,weather,0.06314609406809608,0.0181460940680961,True,0,0.8125,0.8125,0.0
npc:i4:e4,4,252,combined,betrayal,0.32780489248993494,0.28280489248993496,True,0,0.6875,0.6875,1.0
npc:i5:e5,5,251,structural_low,threat,0.37729979520573376,0.3322997952057338,True,16,0.0125,0.0,1.0
npc:i6:e6,6,250,affect_decoy,weather,0.08066164290170538,0.0356616429017054,True,1,1.1875,0.0,0.0
npc:i7:e7,7,249,affect_only,weather,0.1935294182453882,0.1485294182453882,True,12,0.8125,0.8125,0.0
npc:i8:e8,8,248,combined,threat,0.5108545723934089,0.46585457239340894,True,16,0.6875,0.6875,1.0
npc:i9:e9,9,247,structural_low,respect,0.3212912825032948,0.2762912825032948,True,16,0.0125,0.0,1.0
npc:i10:e10,10,246,affect_decoy,weather,0.08066164290170538,0.0356616429017054,True,1,1.1875,0.0,0.0
npc:i11:e11,11,245,affect_only,weather,0.09891314756611985,0.05391314756611987,True,7,0.8125,0.8125,0.0
npc:i12:e12,12,244,combined,respect,0.36678369145683687,0.3217836914568369,True,16,0.6875,0.6875,1.0
npc:i13:e13,13,243,structural_low,betrayal,0.2991995490747717,0.2541995490747717,True,0,0.0125,0.0,1.0
npc:i14:e14,14,242,affect_decoy,weather,0.08066164290170538,0.0356616429017054,True,1,1.1875,0.0,0.0
npc:i15:e15,15,241,affect_only,weather,0.06314609406809608,0.0181460940680961,True,0,0.8125,0.8125,0.0
npc:i16:e16,16,240,combined,betrayal,0.32780489248993494,0.28280489248993496,True,0,0.6875,0.6875,1.0
npc:i17:e17,17,239,structural_low,threat,0.37729979520573376,0.3322997952057338,True,16,0.0125,0.0,1.0
npc:i18:e18,18,238,affect_decoy,weather,0.08066164290170538,0.0356616429017054,True,1,1.1875,0.0,0.0
npc:i19:e19,19,237,affect_only,weather,0.1935294182453882,0.1485294182453882,True,12,0.8125,0.8125,0.0
npc:i20:e20,20,236,combined,threat,0.5108545723934089,0.46585457239340894,True,16,0.6875,0.6875,1.0
npc:i21:e21,21,235,structural_low,respect,0.3212912825032948,0.2762912825032948,True,16,0.0125,0.0,1.0
npc:i22:e22,22,234,affect_decoy,weather,0.08066164290170538,0.0356616429017054,True,1,1.1875,0.0,0.0
npc:i23:e23,23,233,affect_only,weather,0.09891314756611985,0.05391314756611987,True,7,0.8125,0.8125,0.0
npc:i24:e24,24,232,combined,respect,0.36678369145683687,0.3217836914568369,True,16,0.6875,0.6875,1.0
npc:i25:e25,25,231,structural_low,betrayal,0.2991995490747717,0.2541995490747717,True,0,0.0125,0.0,1.0
npc:i26:e26,26,230,affect_decoy,weather,0.08066164290170538,0.0356616429017054,True,1,1.1875,0.0,0.0
npc:i27:e27,27,229,affect_only,weather,0.06314609406809608,0.0181460940680961,True,0,0.8125,0.8125,0.0
npc:i28:e28,28,228,combined,betrayal,0.32780489248993494,0.28280489248993496,True,0,0.6875,0.6875,1.0
npc:i29:e29,29,227,structural_low,threat,0.37729979520573376,0.3322997952057338,True,16,0.0125,0.0,1.0
npc:i30:e30,30,226,affect_decoy,weather,0.08066164290170538,0.0356616429017054,True,1,1.1875,0.0,0.0
npc:i31:e31,31,225,affect_only,weather,0.1935294182453882,0.1485294182453882,True,12,0.8125,0.8125,0.0
npc:i32:e32,32,224,combined,threat,0.5108545723934089,0.46585457239340894,True,16,0.6875,0.6875,1.0
npc:i33:e33,33,223,structural_low,respect,0.3212912825032948,0.2762912825032948,True,16,0.0125,0.0,1.0
npc:i34:e34,34,222,affect_decoy,weather,0.08066164290170538,0.0356616429017054,True,1,1.1875,0.0,0.0
npc:i35:e35,35,221,affect_only,weather,0.09891314756611985,0.05391314756611987,True,7,0.8125,0.8125,0.0
npc:i36:e36,36,220,combined,respect,0.36678369145683687,0.3217836914568369,True,16,0.6875,0.6875,1.0
npc:i37:e37,37,219,structural_low,betrayal,0.2991995490747717,0.2541995490747717,True,0,0.0125,0.0,1.0
npc:i38:e38,38,218,affect_decoy,weather,0.08066164290170538,0.0356616429017054,True,1,1.1875,0.0,0.0
npc:i39:e39,39,217,affect_only,weather,0.06314609406809608,0.0181460940680961,True,0,0.8125,0.8125,0.0
npc:i40:e40,40,216,combined,betrayal,0.32780489248993494,0.28280489248993496,True,0,0.6875,0.6875,1.0
npc:i41:e41,41,215,structural_low,threat,0.37729979520573376,0.3322997952057338,True,16,0.0125,0.0,1.0
npc:i42:e42,42,214,affect_decoy,weather,0.08066164290170538,0.0356616429017054,True,1,1.1875,0.0,0.0
npc:i43:e43,43,213,affect_only,weather,0.1935294182453882,0.1485294182453882,True,12,0.8125,0.8125,0.0
npc:i44:e44,44,212,combined,threat,0.5108545723934089,0.46585457239340894,True,16,0.6875,0.6875,1.0
npc:i45:e45,45,211,structural_low,respect,0.3212912825032948,0.2762912825032948,True,16,0.0125,0.0,1.0
npc:i46:e46,46,210,affect_decoy,weather,0.08066164290170538,0.0356616429017054,True,1,1.1875,0.0,0.0
npc:i47:e47,47,209,affect_only,weather,0.09891314756611985,0.05391314756611987,True,7,0.8125,0.8125,0.0
npc:i48:e48,48,208,combined,respect,0.36678369145683687,0.3217836914568369,True,16,0.6875,0.6875,1.0
npc:i49:e49,49,207,structural_low,betrayal,0.2991995490747717,0.2541995490747717,True,0,0.0125,0.0,1.0
npc:i50:e50,50,206,affect_decoy,weather,0.08066164290170538,0.0356616429017054,True,1,1.1875,0.0,0.0
npc:i51:e51,51,205,affect_only,weather,0.06314609406809608,0.0181460940680961,True,0,0.8125,0.8125,0.0
npc:i52:e52,52,204,combined,betrayal,0.32780489248993494,0.28280489248993496,True,0,0.6875,0.6875,1.0
npc:i53:e53,53,203,structural_low,threat,0.37729979520573376,0.3322997952057338,True,16,0.0125,0.0,1.0
npc:i54:e54,54,202,affect_decoy,weather,0.08066164290170538,0.0356616429017054,True,1,1.1875,0.0,0.0
npc:i55:e55,55,201,affect_only,weather,0.1935294182453882,0.1485294182453882,True,12,0.8125,0.8125,0.0
npc:i56:e56,56,200,combined,threat,0.5108545723934089,0.46585457239340894,True,16,0.6875,0.6875,1.0
npc:i57:e57,57,199,structural_low,respect,0.3212912825032948,0.2762912825032948,True,16,0.0125,0.0,1.0
npc:i58:e58,58,198,affect_decoy,weather,0.08066164290170538,0.0356616429017054,True,1,1.1875,0.0,0.0
npc:i59:e59,59,197,affect_only,weather,0.09891314756611985,0.05391314756611987,True,7,0.8125,0.8125,0.0
npc:i60:e60,60,196,combined,respect,0.36678369145683687,0.3217836914568369,True,16,0.6875,0.6875,1.0
npc:i61:e61,61,195,structural_low,betrayal,0.2991995490747717,0.2541995490747717,True,0,0.0125,0.0,1.0
npc:i62:e62,62,194,affect_decoy,weather,0.08066164290170538,0.0356616429017054,True,1,1.1875,0.0,0.0
npc:i63:e63,63,193,affect_only,weather,0.06314609406809608,0.0181460940680961,True,0,0.8125,0.8125,0.0
npc:i64:e64,64,192,combined,betrayal,0.32780489248993494,0.28280489248993496,True,0,0.6875,0.6875,1.0
npc:i65:e65,65,191,structural_low,threat,0.37729979520573376,0.3322997952057338,True,16,0.0125,0.0,1.0
npc:i66:e66,66,190,affect_decoy,weather,0.08066164290170538,0.0356616429017054,True,1,1.1875,0.0,0.0
npc:i67:e67,67,189,affect_only,weather,0.1935294182453882,0.1485294182453882,True,12,0.8125,0.8125,0.0
npc:i68:e68,68,188,combined,threat,0.5108545723934089,0.46585457239340894,True,16,0.6875,0.6875,1.0
npc:i69:e69,69,187,structural_low,respect,0.3212912825032948,0.2762912825032948,True,16,0.0125,0.0,1.0
npc:i70:e70,70,186,affect_decoy,weather,0.08066164290170538,0.0356616429017054,True,1,1.1875,0.0,0.0
npc:i71:e71,71,185,affect_only,weather,0.09891314756611985,0.05391314756611987,True,7,0.8125,0.8125,0.0
npc:i72:e72,72,184,combined,respect,0.36678369145683687,0.3217836914568369,True,16,0.6875,0.6875,1.0
npc:i73:e73,73,183,structural_low,betrayal,0.2991995490747717,0.2541995490747717,True,0,0.0125,0.0,1.0
npc:i74:e74,74,182,affect_decoy,weather,0.08066164290170538,0.0356616429017054,True,1,1.1875,0.0,0.0
npc:i75:e75,75,181,affect_only,weather,0.06314609406809608,0.0181460940680961,True,0,0.8125,0.8125,0.0
npc:i76:e76,76,180,combined,betrayal,0.32780489248993494,0.28280489248993496,True,0,0.6875,0.6875,1.0
npc:i77:e77,77,179,structural_low,threat,0.37729979520573376,0.3322997952057338,True,16,0.0125,0.0,1.0
npc:i78:e78,78,178,affect_decoy,weather,0.08066164290170538,0.0356616429017054,True,1,1.1875,0.0,0.0
npc:i79:e79,79,177,affect_only,weather,0.1935294182453882,0.1485294182453882,True,12,0.8125,0.8125,0.0
npc:i80:e80,80,176,combined,threat,0.5108545723934089,0.46585457239340894,True,16,0.6875,0.6875,1.0
npc:i81:e81,81,175,structural_low,respect,0.3212912825032948,0.2762912825032948,True,16,0.0125,0.0,1.0
npc:i82:e82,82,174,affect_decoy,weather,0.08066164290170538,0.0356616429017054,True,1,1.1875,0.0,0.0
npc:i83:e83,83,173,affect_only,weather,0.09891314756611985,0.05391314756611987,True,7,0.8125,0.8125,0.0
npc:i84:e84,84,172,combined,respect,0.36678369145683687,0.3217836914568369,True,16,0.6875,0.6875,1.0
npc:i85:e85,85,171,structural_low,betrayal,0.2991995490747717,0.2541995490747717,True,0,0.0125,0.0,1.0
npc:i86:e86,86,170,affect_decoy,weather,0.08066164290170538,0.0356616429017054,True,1,1.1875,0.0,0.0
npc:i87:e87,87,169,affect_only,weather,0.06314609406809608,0.0181460940680961,True,0,0.8125,0.8125,0.0
npc:i88:e88,88,168,combined,betrayal,0.32780489248993494,0.28280489248993496,True,0,0.6875,0.6875,1.0
npc:i89:e89,89,167,structural_low,threat,0.37729979520573376,0.3322997952057338,True,16,0.0125,0.0,1.0
npc:i90:e90,90,166,affect_decoy,weather,0.08066164290170538,0.0356616429017054,True,1,1.1875,0.0,0.0
npc:i91:e91,91,165,affect_only,weather,0.1935294182453882,0.1485294182453882,True,12,0.8125,0.8125,0.0
npc:i92:e92,92,164,combined,threat,0.5108545723934089,0.46585457239340894,True,16,0.6875,0.6875,1.0
npc:i93:e93,93,163,structural_low,respect,0.3212912825032948,0.2762912825032948,True,16,0.0125,0.0,1.0
npc:i94:e94,94,162,affect_decoy,weather,0.08066164290170538,0.0356616429017054,True,1,1.1875,0.0,0.0
npc:i95:e95,95,161,affect_only,weather,0.09891314756611985,0.05391314756611987,True,7,0.8125,0.8125,0.0
npc:i96:e96,96,160,combined,respect,0.36678369145683687,0.3217836914568369,True,16,0.6875,0.6875,1.0
npc:i97:e97,97,159,structural_low,betrayal,0.2991995490747717,0.2541995490747717,True,0,0.0125,0.0,1.0
npc:i98:e98,98,158,affect_decoy,weather,0.08066164290170538,0.0356616429017054,True,1,1.1875,0.0,0.0
npc:i99:e99,99,157,affect_only,weather,0.06314609406809608,0.0181460940680961,True,0,0.8125,0.8125,0.0
npc:i100:e100,100,156,combined,betrayal,0.32780489248993494,0.28280489248993496,True,0,0.6875,0.6875,1.0
npc:i101:e101,101,155,structural_low,threat,0.37729979520573376,0.3322997952057338,True,16,0.0125,0.0,1.0
npc:i102:e102,102,154,affect_decoy,weather,0.08066164290170538,0.0356616429017054,True,1,1.1875,0.0,0.0
npc:i103:e103,103,153,affect_only,weather,0.1935294182453882,0.1485294182453882,True,12,0.8125,0.8125,0.0
npc:i104:e104,104,152,combined,threat,0.5108545723934089,0.46585457239340894,True,16,0.6875,0.6875,1.0
npc:i105:e105,105,151,structural_low,respect,0.3212912825032948,0.2762912825032948,True,16,0.0125,0.0,1.0
npc:i106:e106,106,150,affect_decoy,weather,0.08066164290170538,0.0356616429017054,True,1,1.1875,0.0,0.0
npc:i107:e107,107,149,affect_only,weather,0.09891314756611985,0.05391314756611987,True,7,0.8125,0.8125,0.0
npc:i108:e108,108,148,combined,respect,0.36678369145683687,0.3217836914568369,True,16,0.6875,0.6875,1.0
npc:i109:e109,109,147,structural_low,betrayal,0.2991995490747717,0.2541995490747717,True,0,0.0125,0.0,1.0
npc:i110:e110,110,146,affect_decoy,weather,0.08066164290170538,0.0356616429017054,True,1,1.1875,0.0,0.0
npc:i111:e111,111,145,affect_only,weather,0.06314609406809608,0.0181460940680961,True,0,0.8125,0.8125,0.0
npc:i112:e112,112,144,combined,betrayal,0.32780489248993494,0.28280489248993496,True,0,0.6875,0.6875,1.0
npc:i113:e113,113,143,structural_low,threat,0.37729979520573376,0.3322997952057338,True,16,0.0125,0.0,1.0
npc:i114:e114,114,142,affect_decoy,weather,0.08066164290170538,0.0356616429017054,True,1,1.1875,0.0,0.0
npc:i115:e115,115,141,affect_only,weather,0.1935294182453882,0.1485294182453882,True,12,0.8125,0.8125,0.0
npc:i116:e116,116,140,combined,threat,0.5108545723934089,0.46585457239340894,True,16,0.6875,0.6875,1.0
npc:i117:e117,117,139,structural_low,respect,0.3212912825032948,0.2762912825032948,True,16,0.0125,0.0,1.0
npc:i118:e118,118,138,affect_decoy,weather,0.08066164290170538,0.0356616429017054,True,1,1.1875,0.0,0.0
npc:i119:e119,119,137,affect_only,weather,0.09891314756611985,0.05391314756611987,True,7,0.8125,0.8125,0.0
npc:i120:e120,120,136,combined,respect,0.36678369145683687,0.3217836914568369,True,16,0.6875,0.6875,1.0
npc:i121:e121,121,135,structural_low,betrayal,0.2991995490747717,0.2541995490747717,True,0,0.0125,0.0,1.0
npc:i122:e122,122,134,affect_decoy,weather,0.08066164290170538,0.0356616429017054,True,1,1.1875,0.0,0.0
npc:i123:e123,123,133,affect_only,weather,0.06314609406809608,0.0181460940680961,True,0,0.8125,0.8125,0.0
npc:i124:e124,124,132,combined,betrayal,0.32780489248993494,0.28280489248993496,True,0,0.6875,0.6875,1.0
npc:i125:e125,125,131,structural_low,threat,0.37729979520573376,0.3322997952057338,True,16,0.0125,0.0,1.0
npc:i126:e126,126,130,affect_decoy,weather,0.08066164290170538,0.0356616429017054,True,1,1.1875,0.0,0.0
npc:i127:e127,127,129,affect_only,weather,0.1935294182453882,0.1485294182453882,True,12,0.8125,0.8125,0.0
npc:i128:e128,128,128,combined,threat,0.5108545723934089,0.46585457239340894,True,16,0.6875,0.6875,1.0
npc:i129:e129,129,127,structural_low,respect,0.3212912825032948,0.2762912825032948,True,16,0.0125,0.0,1.0
npc:i130:e130,130,126,affect_decoy,weather,0.08066164290170538,0.0356616429017054,True,1,1.1875,0.0,0.0
npc:i131:e131,131,125,affect_only,weather,0.09891314756611985,0.05391314756611987,True,7,0.8125,0.8125,0.0
npc:i132:e132,132,124,combined,respect,0.36678369145683687,0.3217836914568369,True,16,0.6875,0.6875,1.0
npc:i133:e133,133,123,structural_low,betrayal,0.2991995490747717,0.2541995490747717,True,0,0.0125,0.0,1.0
npc:i134:e134,134,122,affect_decoy,weather,0.08066164290170538,0.0356616429017054,True,1,1.1875,0.0,0.0
npc:i135:e135,135,121,affect_only,weather,0.06314609406809608,0.0181460940680961,True,0,0.8125,0.8125,0.0
npc:i136:e136,136,120,combined,betrayal,0.32780489248993494,0.28280489248993496,True,0,0.6875,0.6875,1.0
npc:i137:e137,137,119,structural_low,threat,0.37729979520573376,0.3322997952057338,True,16,0.0125,0.0,1.0
npc:i138:e138,138,118,affect_decoy,weather,0.08066164290170538,0.0356616429017054,True,1,1.1875,0.0,0.0
npc:i139:e139,139,117,affect_only,weather,0.1935294182453882,0.1485294182453882,True,12,0.8125,0.8125,0.0
npc:i140:e140,140,116,combined,threat,0.5108545723934089,0.46585457239340894,True,16,0.6875,0.6875,1.0
npc:i141:e141,141,115,structural_low,respect,0.3212912825032948,0.2762912825032948,True,16,0.0125,0.0,1.0
npc:i142:e142,142,114,affect_decoy,weather,0.08066164290170538,0.0356616429017054,True,1,1.1875,0.0,0.0
npc:i143:e143,143,113,affect_only,weather,0.09891314756611985,0.05391314756611987,True,7,0.8125,0.8125,0.0
npc:i144:e144,144,112,combined,respect,0.36678369145683687,0.3217836914568369,True,16,0.6875,0.6875,1.0
npc:i145:e145,145,111,structural_low,betrayal,0.2991995490747717,0.2541995490747717,True,0,0.0125,0.0,1.0
npc:i146:e146,146,110,affect_decoy,weather,0.08066164290170538,0.0356616429017054,True,1,1.1875,0.0,0.0
npc:i147:e147,147,109,affect_only,weather,0.06314609406809608,0.0181460940680961,True,0,0.8125,0.8125,0.0
npc:i148:e148,148,108,combined,betrayal,0.32780489248993494,0.28280489248993496,True,0,0.6875,0.6875,1.0
npc:i149:e149,149,107,structural_low,threat,0.37729979520573376,0.3322997952057338,True,16,0.0125,0.0,1.0
npc:i150:e150,150,106,affect_decoy,weather,0.08066164290170538,0.0356616429017054,True,1,1.1875,0.0,0.0
npc:i151:e151,151,105,affect_only,weather,0.1935294182453882,0.1485294182453882,True,12,0.8125,0.8125,0.0
npc:i152:e152,152,104,combined,threat,0.5108545723934089,0.46585457239340894,True,16,0.6875,0.6875,1.0
npc:i153:e153,153,103,structural_low,respect,0.3212912825032948,0.2762912825032948,True,16,0.0125,0.0,1.0
npc:i154:e154,154,102,affect_decoy,weather,0.08066164290170538,0.0356616429017054,True,1,1.1875,0.0,0.0
npc:i155:e155,155,101,affect_only,weather,0.09891314756611985,0.05391314756611987,True,7,0.8125,0.8125,0.0
npc:i156:e156,156,100,combined,respect,0.36678369145683687,0.3217836914568369,True,16,0.6875,0.6875,1.0
npc:i157:e157,157,99,structural_low,betrayal,0.2991995490747717,0.2541995490747717,True,0,0.0125,0.0,1.0
npc:i158:e158,158,98,affect_decoy,weather,0.08066164290170538,0.0356616429017054,True,1,1.1875,0.0,0.0
npc:i159:e159,159,97,affect_only,weather,0.06314609406809608,0.0181460940680961,True,0,0.8125,0.8125,0.0
npc:i160:e160,160,96,combined,betrayal,0.32780489248993494,0.28280489248993496,True,0,0.6875,0.6875,1.0
npc:i161:e161,161,95,structural_low,threat,0.37729979520573376,0.3322997952057338,True,16,0.0125,0.0,1.0
npc:i162:e162,162,94,affect_decoy,weather,0.08066164290170538,0.0356616429017054,True,1,1.1875,0.0,0.0
npc:i163:e163,163,93,affect_only,weather,0.1935294182453882,0.1485294182453882,True,12,0.8125,0.8125,0.0
npc:i164:e164,164,92,combined,threat,0.5108545723934089,0.46585457239340894,True,16,0.6875,0.6875,1.0
npc:i165:e165,165,91,structural_low,respect,0.3212912825032948,0.2762912825032948,True,16,0.0125,0.0,1.0
npc:i166:e166,166,90,affect_decoy,weather,0.08066164290170538,0.0356616429017054,True,1,1.1875,0.0,0.0
npc:i167:e167,167,89,affect_only,weather,0.09891314756611985,0.05391314756611987,True,7,0.8125,0.8125,0.0
npc:i168:e168,168,88,combined,respect,0.36678369145683687,0.3217836914568369,True,16,0.6875,0.6875,1.0
npc:i169:e169,169,87,structural_low,betrayal,0.2991995490747717,0.2541995490747717,True,0,0.0125,0.0,1.0
npc:i170:e170,170,86,affect_decoy,weather,0.08066164290170538,0.0356616429017054,True,1,1.1875,0.0,0.0
npc:i171:e171,171,85,affect_only,weather,0.06314609406809608,0.0181460940680961,True,0,0.8125,0.8125,0.0
npc:i172:e172,172,84,combined,betrayal,0.32780489248993494,0.28280489248993496,True,0,0.6875,0.6875,1.0
npc:i173:e173,173,83,structural_low,threat,0.37729979520573376,0.3322997952057338,True,16,0.0125,0.0,1.0
npc:i174:e174,174,82,affect_decoy,weather,0.08066164290170538,0.0356616429017054,True,1,1.1875,0.0,0.0
npc:i175:e175,175,81,affect_only,weather,0.1935294182453882,0.1485294182453882,True,12,0.8125,0.8125,0.0
npc:i176:e176,176,80,combined,threat,0.5108545723934089,0.46585457239340894,True,16,0.6875,0.6875,1.0
npc:i177:e177,177,79,structural_low,respect,0.3212912825032948,0.2762912825032948,True,16,0.0125,0.0,1.0
npc:i178:e178,178,78,affect_decoy,weather,0.08066164290170538,0.0356616429017054,True,1,1.1875,0.0,0.0
npc:i179:e179,179,77,affect_only,weather,0.09891314756611985,0.05391314756611987,True,7,0.8125,0.8125,0.0
npc:i180:e180,180,76,combined,respect,0.36678369145683687,0.3217836914568369,True,16,0.6875,0.6875,1.0
npc:i181:e181,181,75,structural_low,betrayal,0.2991995490747717,0.2541995490747717,True,0,0.0125,0.0,1.0
npc:i182:e182,182,74,affect_decoy,weather,0.08066164290170538,0.0356616429017054,True,1,1.1875,0.0,0.0
npc:i183:e183,183,73,affect_only,weather,0.06314609406809608,0.0181460940680961,True,0,0.8125,0.8125,0.0
npc:i184:e184,184,72,combined,betrayal,0.32780489248993494,0.28280489248993496,True,0,0.6875,0.6875,1.0
npc:i185:e185,185,71,structural_low,threat,0.37729979520573376,0.3322997952057338,True,16,0.0125,0.0,1.0
npc:i186:e186,186,70,affect_decoy,weather,0.08066164290170538,0.0356616429017054,True,1,1.1875,0.0,0.0
npc:i187:e187,187,69,affect_only,weather,0.1935294182453882,0.1485294182453882,True,12,0.8125,0.8125,0.0
npc:i188:e188,188,68,combined,threat,0.5108545723934089,0.46585457239340894,True,16,0.6875,0.6875,1.0
npc:i189:e189,189,67,structural_low,respect,0.3212912825032948,0.2762912825032948,True,16,0.0125,0.0,1.0
npc:i190:e190,190,66,affect_decoy,weather,0.08066164290170538,0.0356616429017054,True,1,1.1875,0.0,0.0
npc:i191:e191,191,65,affect_only,weather,0.09891314756611985,0.05391314756611987,True,7,0.8125,0.8125,0.0
npc:i192:e192,192,64,combined,respect,0.36678369145683687,0.3217836914568369,True,16,0.6875,0.6875,1.0
npc:i193:e193,193,63,structural_low,betrayal,0.2991995490747717,0.2541995490747717,True,0,0.0125,0.0,1.0
npc:i194:e194,194,62,affect_decoy,weather,0.08066164290170538,0.0356616429017054,True,1,1.1875,0.0,0.0
npc:i195:e195,195,61,affect_only,weather,0.06314609406809608,0.0181460940680961,True,0,0.8125,0.8125,0.0
npc:i196:e196,196,60,combined,betrayal,0.32780489248993494,0.28280489248993496,True,0,0.6875,0.6875,1.0
npc:i197:e197,197,59,structural_low,threat,0.37729979520573376,0.3322997952057338,True,16,0.0125,0.0,1.0
npc:i198:e198,198,58,affect_decoy,weather,0.08066164290170538,0.0356616429017054,True,1,1.1875,0.0,0.0
npc:i199:e199,199,57,affect_only,weather,0.1935294182453882,0.1485294182453882,True,12,0.8125,0.8125,0.0
npc:i200:e200,200,56,combined,threat,0.5108545723934089,0.46585457239340894,True,16,0.6875,0.6875,1.0
npc:i201:e201,201,55,structural_low,respect,0.3212912825032948,0.2762912825032948,True,16,0.0125,0.0,1.0
npc:i202:e202,202,54,affect_decoy,weather,0.08066164290170538,0.0356616429017054,True,1,1.1875,0.0,0.0
npc:i203:e203,203,53,affect_only,weather,0.09891314756611985,0.05391314756611987,True,7,0.8125,0.8125,0.0
npc:i204:e204,204,52,combined,respect,0.36678369145683687,0.3217836914568369,True,16,0.6875,0.6875,1.0
npc:i205:e205,205,51,structural_low,betrayal,0.2991995490747717,0.2541995490747717,True,0,0.0125,0.0,1.0
npc:i206:e206,206,50,affect_decoy,weather,0.08066164290170538,0.0356616429017054,True,1,1.1875,0.0,0.0
npc:i207:e207,207,49,affect_only,weather,0.06314609406809608,0.0181460940680961,True,0,0.8125,0.8125,0.0
npc:i208:e208,208,48,combined,betrayal,0.32780489248993494,0.28280489248993496,True,0,0.6875,0.6875,1.0
npc:i209:e209,209,47,structural_low,threat,0.37729979520573376,0.3322997952057338,True,16,0.0125,0.0,1.0
npc:i210:e210,210,46,affect_decoy,weather,0.08066164290170538,0.0356616429017054,True,1,1.1875,0.0,0.0
npc:i211:e211,211,45,affect_only,weather,0.1935294182453882,0.1485294182453882,True,12,0.8125,0.8125,0.0
npc:i212:e212,212,44,combined,threat,0.5108545723934089,0.46585457239340894,True,16,0.6875,0.6875,1.0
npc:i213:e213,213,43,structural_low,respect,0.3212912825032948,0.2762912825032948,True,16,0.0125,0.0,1.0
npc:i214:e214,214,42,affect_decoy,weather,0.08066164290170538,0.0356616429017054,True,1,1.1875,0.0,0.0
npc:i215:e215,215,41,affect_only,weather,0.09891314756611985,0.05391314756611987,True,7,0.8125,0.8125,0.0
npc:i216:e216,216,40,combined,respect,0.36678369145683687,0.3217836914568369,True,16,0.6875,0.6875,1.0
npc:i217:e217,217,39,structural_low,betrayal,0.2991995490747717,0.2541995490747717,True,0,0.0125,0.0,1.0
npc:i218:e218,218,38,affect_decoy,weather,0.08066164290170538,0.0356616429017054,True,1,1.1875,0.0,0.0
npc:i219:e219,219,37,affect_only,weather,0.06314609406809608,0.0181460940680961,True,0,0.8125,0.8125,0.0
npc:i220:e220,220,36,combined,betrayal,0.32780489248993494,0.28280489248993496,True,0,0.6875,0.6875,1.0
npc:i221:e221,221,35,structural_low,threat,0.37729979520573376,0.3322997952057338,True,16,0.0125,0.0,1.0
npc:i222:e222,222,34,affect_decoy,weather,0.08066164290170538,0.0356616429017054,True,1,1.1875,0.0,0.0
npc:i223:e223,223,33,affect_only,weather,0.1935294182453882,0.1485294182453882,True,12,0.8125,0.8125,0.0
npc:i224:e224,224,32,combined,threat,0.5108545723934089,0.46585457239340894,True,16,0.6875,0.6875,1.0
npc:i225:e225,225,31,structural_low,respect,0.3212912825032948,0.2762912825032948,True,16,0.0125,0.0,1.0
npc:i226:e226,226,30,affect_decoy,weather,0.08066164290170538,0.0356616429017054,True,1,1.1875,0.0,0.0
npc:i227:e227,227,29,affect_only,weather,0.09891314756611985,0.05391314756611987,True,7,0.8125,0.8125,0.0
npc:i228:e228,228,28,combined,respect,0.36678369145683687,0.3217836914568369,True,16,0.6875,0.6875,1.0
npc:i229:e229,229,27,structural_low,betrayal,0.2991995490747717,0.2541995490747717,True,0,0.0125,0.0,1.0
npc:i230:e230,230,26,affect_decoy,weather,0.08066164290170538,0.0356616429017054,True,1,1.1875,0.0,0.0
npc:i231:e231,231,25,affect_only,weather,0.06314609406809608,0.0181460940680961,True,0,0.8125,0.8125,0.0
npc:i232:e232,232,24,combined,betrayal,0.32780489248993494,0.28280489248993496,True,0,0.6875,0.6875,1.0
npc:i233:e233,233,23,structural_low,threat,0.37729979520573376,0.3322997952057338,True,16,0.0125,0.0,1.0
npc:i234:e234,234,22,affect_decoy,weather,0.08066164290170538,0.0356616429017054,True,1,1.1875,0.0,0.0
npc:i235:e235,235,21,affect_only,weather,0.1935294182453882,0.1485294182453882,True,12,0.8125,0.8125,0.0
npc:i236:e236,236,20,combined,threat,0.5108545723934089,0.46585457239340894,True,16,0.6875,0.6875,1.0
npc:i237:e237,237,19,structural_low,respect,0.3212912825032948,0.2762912825032948,True,16,0.0125,0.0,1.0
npc:i238:e238,238,18,affect_decoy,weather,0.08066164290170538,0.0356616429017054,True,1,1.1875,0.0,0.0
npc:i239:e239,239,17,affect_only,weather,0.09891314756611985,0.05391314756611987,True,7,0.8125,0.8125,0.0
npc:i240:e240,240,16,combined,respect,0.36678369145683687,0.3217836914568369,True,16,0.6875,0.6875,1.0
npc:i241:e241,241,15,structural_low,betrayal,0.2991995490747717,0.2541995490747717,True,0,0.0125,0.0,1.0
npc:i242:e242,242,14,affect_decoy,weather,0.08066164290170538,0.0356616429017054,True,1,1.1875,0.0,0.0
npc:i243:e243,243,13,affect_only,weather,0.06314609406809608,0.0181460940680961,True,0,0.8125,0.8125,0.0
npc:i244:e244,244,12,combined,betrayal,0.32780489248993494,0.28280489248993496,True,0,0.6875,0.6875,1.0
npc:i245:e245,245,11,structural_low,threat,0.37729979520573376,0.3322997952057338,True,16,0.0125,0.0,1.0
npc:i246:e246,246,10,affect_decoy,weather,0.08066164290170538,0.0356616429017054,True,1,1.1875,0.0,0.0
npc:i247:e247,247,9,affect_only,weather,0.1935294182453882,0.1485294182453882,True,12,0.8125,0.8125,0.0
npc:i248:e248,248,8,combined,threat,0.5108545723934089,0.46585457239340894,True,16,0.6875,0.6875,1.0
npc:i249:e249,249,7,structural_low,respect,0.3212912825032948,0.2762912825032948,True,16,0.0125,0.0,1.0
npc:i250:e250,250,6,affect_decoy,weather,0.08066164290170538,0.0356616429017054,True,1,1.1875,0.0,0.0
npc:i251:e251,251,5,affect_only,weather,0.09891314756611985,0.05391314756611987,True,7,0.8125,0.8125,0.0
npc:i252:e252,252,4,combined,respect,0.36678369145683687,0.3217836914568369,True,16,0.6875,0.6875,1.0
npc:i253:e253,253,3,structural_low,betrayal,0.2991995490747717,0.2541995490747717,True,0,0.0125,0.0,1.0
npc:i254:e254,254,2,affect_decoy,weather,0.08066164290170538,0.0356616429017054,True,1,1.1875,0.0,0.0
npc:i255:e255,255,1,affect_only,weather,0.06314609406809608,0.0181460940680961,True,0,0.8125,0.8125,0.0
npc:i256:e256,256,0,combined,betrayal,0.32780489248993494,0.28280489248993496,True,0,0.6875,0.6875,1.0
