budget,captured_excess_value,value_fraction,material_retained,material_total,material_fraction,meets_95pct
0,0,0.0,0,256,0.0,False
1,0.46585457239340894,0.009691620843223924,1,256,0.00390625,False
2,0.9317091447868179,0.01938324168644785,2,256,0.0078125,False
3,1.3975637171802269,0.029074862529671775,3,256,0.01171875,False
4,1.8634182895736358,0.0387664833728957,4,256,0.015625,False
5,2.329272861967045,0.048458104216119624,5,256,0.01953125,False
6,2.7951274343604537,0.05814972505934355,6,256,0.0234375,False
7,3.2609820067538626,0.06784134590256748,7,256,0.02734375,False
8,3.7268365791472715,0.0775329667457914,8,256,0.03125,False
9,4.19269115154068,0.08722458758901531,9,256,0.03515625,False
10,4.65854572393409,0.09691620843223925,10,256,0.0390625,False
11,5.124400296327498,0.10660782927546317,11,256,0.04296875,False
12,5.5902548687209075,0.1162994501186871,12,256,0.046875,False
13,6.056109441114316,0.125991070961911,13,256,0.05078125,False
14,6.521964013507725,0.13568269180513495,14,256,0.0546875,False
15,6.987818585901134,0.14537431264835887,15,256,0.05859375,False
16,7.453673158294543,0.1550659334915828,16,256,0.0625,False
17,7.919527730687952,0.16475755433480674,17,256,0.06640625,False
18,8.38538230308136,0.17444917517803063,18,256,0.0703125,False
19,8.85123687547477,0.18414079602125458,19,256,0.07421875,False
20,9.31709144786818,0.1938324168644785,20,256,0.078125,False
21,9.782946020261587,0.20352403770770242,21,256,0.08203125,False
22,10.115245815467322,0.21043719003519581,22,256,0.0859375,False
23,10.447545610673055,0.2173503423626892,23,256,0.08984375,False
24,10.779845405878788,0.22426349469018256,24,256,0.09375,False
25,11.112145201084523,0.23117664701767596,25,256,0.09765625,False
26,11.444444996290256,0.23808979934516936,26,256,0.1015625,False
27,11.77674479149599,0.24500295167266273,27,256,0.10546875,False
28,12.109044586701724,0.2519161040001561,28,256,0.109375,False
29,12.441344381907458,0.2588292563276495,29,256,0.11328125,False
30,12.77364417711319,0.26574240865514287,30,256,0.1171875,False
31,13.105943972318926,0.27265556098263627,31,256,0.12109375,False
32,13.438243767524659,0.27956871331012967,32,256,0.125,False
33,13.770543562730394,0.28648186563762307,33,256,0.12890625,False
34,14.102843357936127,0.29339501796511647,34,256,0.1328125,False
35,14.43514315314186,0.3003081702926098,35,256,0.13671875,False
36,14.767442948347595,0.3072213226201032,36,256,0.140625,False
37,15.099742743553328,0.3141344749475966,37,256,0.14453125,False
38,15.432042538759061,0.32104762727508995,38,256,0.1484375,False
39,15.764342333964796,0.32796077960258335,39,256,0.15234375,False
40,16.09664212917053,0.33487393193007675,40,256,0.15625,False
41,16.428941924376264,0.34178708425757015,41,256,0.16015625,False
42,16.761241719581996,0.3487002365850635,42,256,0.1640625,False
43,17.083025411038832,0.3553946122892886,43,256,0.16796875,False
44,17.40480910249567,0.36208898799351374,44,256,0.171875,False
45,17.72659279395251,0.3687833636977389,45,256,0.17578125,False
46,18.048376485409346,0.375477739401964,46,256,0.1796875,False
47,18.370160176866182,0.3821721151061891,47,256,0.18359375,False
48,18.69194386832302,0.38886649081041424,48,256,0.1875,False
49,19.013727559779856,0.39556086651463934,49,256,0.19140625,False
50,19.335511251236692,0.40225524221886444,50,256,0.1953125,False
51,19.65729494269353,0.40894961792308954,51,256,0.19921875,False
52,19.979078634150365,0.4156439936273147,52,256,0.203125,False
53,20.300862325607202,0.4223383693315398,53,256,0.20703125,False
54,20.62264601706404,0.4290327450357649,54,256,0.2109375,False
55,20.944429708520875,0.43572712073999,55,256,0.21484375,False
56,21.266213399977712,0.4424214964442151,56,256,0.21875,False
57,21.58799709143455,0.44911587214844023,57,256,0.22265625,False
58,21.90978078289139,0.4558102478526654,58,256,0.2265625,False
59,22.231564474348225,0.4625046235568905,59,256,0.23046875,False
60,22.553348165805062,0.46919899926111563,60,256,0.234375,False
61,22.8751318572619,0.47589337496534073,61,256,0.23828125,False
62,23.196915548718735,0.48258775066956583,62,256,0.2421875,False
63,23.51869924017557,0.4892821263737909,63,256,0.24609375,False
64,23.801504132665507,0.4951655886236936,64,256,0.25,False
65,24.08430902515544,0.5010490508735962,65,256,0.25390625,False
66,24.367113917645376,0.5069325131234989,66,256,0.2578125,False
67,24.64991881013531,0.5128159753734015,67,256,0.26171875,False
68,24.932723702625246,0.5186994376233041,68,256,0.265625,False
69,25.21552859511518,0.5245828998732067,69,256,0.26953125,False
70,25.498333487605116,0.5304663621231094,70,256,0.2734375,False
71,25.78113838009505,0.536349824373012,71,256,0.27734375,False
72,26.063943272584986,0.5422332866229146,72,256,0.28125,False
73,26.34674816507492,0.5481167488728172,73,256,0.28515625,False
74,26.629553057564856,0.5540002111227199,74,256,0.2890625,False
75,26.91235795005479,0.5598836733726226,75,256,0.29296875,False
76,27.195162842544725,0.5657671356225251,76,256,0.296875,False
77,27.47796773503466,0.5716505978724278,77,256,0.30078125,False
78,27.760772627524595,0.5775340601223304,78,256,0.3046875,False
79,28.04357752001453,0.5834175223722331,79,256,0.30859375,False
80,28.326382412504465,0.5893009846221356,80,256,0.3125,False
81,28.6091873049944,0.5951844468720383,81,256,0.31640625,False
82,28.891992197484335,0.601067909121941,82,256,0.3203125,False
83,29.17479708997427,0.6069513713718436,83,256,0.32421875,False
84,29.457601982464205,0.6128348336217462,84,256,0.328125,False
85,29.74040687495414,0.6187182958716488,85,256,0.33203125,False
86,30.016698157457434,0.6244662492266042,86,256,0.3359375,False
87,30.29298943996073,0.6302142025815597,87,256,0.33984375,False
88,30.569280722464026,0.6359621559365151,88,256,0.34375,False
89,30.84557200496732,0.6417101092914704,89,256,0.34765625,False
90,31.121863287470614,0.6474580626464258,90,256,0.3515625,False
91,31.398154569973908,0.6532060160013812,91,256,0.35546875,False
92,31.674445852477206,0.6589539693563365,92,256,0.359375,False
93,31.9507371349805,0.6647019227112919,93,256,0.36328125,False
94,32.227028417483794,0.6704498760662473,94,256,0.3671875,False
95,32.50331969998709,0.6761978294212027,95,256,0.37109375,False
96,32.77961098249038,0.681945782776158,96,256,0.375,False
97,33.05590226499368,0.6876937361311135,97,256,0.37890625,False
98,33.33219354749697,0.6934416894860689,98,256,0.3828125,False
99,33.608484830000265,0.6991896428410243,99,256,0.38671875,False
100,33.884776112503566,0.7049375961959797,100,256,0.390625,False
101,34.16106739500686,0.7106855495509351,101,256,0.39453125,False
102,34.437358677510154,0.7164335029058905,102,256,0.3984375,False
103,34.71364996001345,0.7221814562608458,103,256,0.40234375,False
104,34.98994124251674,0.7279294096158012,104,256,0.40625,False
105,35.26623252502004,0.7336773629707566,105,256,0.41015625,False
106,35.54252380752333,0.739425316325712,106,256,0.4140625,False
107,35.7967233565981,0.7447136740968806,107,256,0.41796875,False
108,36.05092290567288,0.7500020318680495,108,256,0.421875,False
109,36.30512245474765,0.7552903896392182,109,256,0.42578125,False
110,36.559322003822416,0.7605787474103869,110,256,0.4296875,False
111,36.81352155289719,0.7658671051815558,111,256,0.43359375,False
112,37.06772110197196,0.7711554629527245,112,256,0.4375,False
113,37.32192065104673,0.7764438207238932,113,256,0.44140625,False
114,37.57612020012151,0.781732178495062,114,256,0.4453125,False
115,37.83031974919628,0.7870205362662308,115,256,0.44921875,False
116,38.08451929827105,0.7923088940373995,116,256,0.453125,False
117,38.338718847345824,0.7975972518085683,117,256,0.45703125,False
118,38.59291839642059,0.802885609579737,118,256,0.4609375,False
119,38.84711794549536,0.8081739673509057,119,256,0.46484375,False
120,39.10131749457013,0.8134623251220744,120,256,0.46875,False
121,39.35551704364491,0.8187506828932433,121,256,0.47265625,False
122,39.60971659271968,0.824039040664412,122,256,0.4765625,False
123,39.86391614179445,0.8293273984355807,123,256,0.48046875,False
124,40.118115690869224,0.8346157562067495,124,256,0.484375,False
125,40.372315239943994,0.8399041139779183,125,256,0.48828125,False
126,40.62651478901876,0.845192471749087,126,256,0.4921875,False
127,40.88071433809354,0.8504808295202558,127,256,0.49609375,False
128,41.13491388716831,0.8557691872914245,128,256,0.5,False
129,41.2834433054137,0.8588591876713785,129,256,0.50390625,False
130,41.43197272365909,0.8619491880513325,130,256,0.5078125,False
131,41.580502141904475,0.8650391884312865,131,256,0.51171875,False
132,41.72903156014986,0.8681291888112405,132,256,0.515625,False
133,41.87756097839525,0.8712191891911945,133,256,0.51953125,False
134,42.02609039664064,0.8743091895711483,134,256,0.5234375,False
135,42.17461981488603,0.8773991899511023,135,256,0.52734375,False
136,42.32314923313142,0.8804891903310563,136,256,0.53125,False
137,42.471678651376806,0.8835791907110103,137,256,0.53515625,False
138,42.620208069622194,0.8866691910909643,138,256,0.5390625,False
139,42.76873748786758,0.8897591914709183,139,256,0.54296875,False
140,42.91726690611297,0.8928491918508722,140,256,0.546875,False
141,43.06579632435836,0.8959391922308262,141,256,0.55078125,False
142,43.21432574260375,0.8990291926107802,142,256,0.5546875,False
143,43.36285516084913,0.9021191929907341,143,256,0.55859375,False
144,43.51138457909452,0.905209193370688,144,256,0.5625,False
145,43.659913997339906,0.9082991937506419,145,256,0.56640625,False
146,43.808443415585295,0.9113891941305959,146,256,0.5703125,False
147,43.95697283383068,0.9144791945105499,147,256,0.57421875,False
148,44.10550225207607,0.9175691948905039,148,256,0.578125,False
149,44.25403167032146,0.9206591952704579,149,256,0.58203125,False
150,44.30794481788758,0.9217808023462265,150,256,0.5859375,False
151,44.3618579654537,0.9229024094219952,151,256,0.58984375,False
152,44.41577111301982,0.9240240164977638,152,256,0.59375,False
153,44.46968426058594,0.9251456235735325,153,256,0.59765625,False
154,44.523597408152064,0.926267230649301,154,256,0.6015625,False
155,44.577510555718185,0.9273888377250697,155,256,0.60546875,False
156,44.6314237032843,0.9285104448008382,156,256,0.609375,False
157,44.68533685085042,0.9296320518766069,157,256,0.61328125,False
158,44.73924999841654,0.9307536589523755,158,256,0.6171875,False
159,44.79316314598266,0.9318752660281442,159,256,0.62109375,False
160,44.84707629354878,0.9329968731039128,160,256,0.625,False
161,44.9009894411149,0.9341184801796815,161,256,0.62890625,False
162,44.95490258868102,0.93524008725545,162,256,0.6328125,False
163,45.00881573624714,0.9363616943312187,163,256,0.63671875,False
164,45.06272888381326,0.9374833014069872,164,256,0.640625,False
165,45.11664203137938,0.9386049084827559,165,256,0.64453125,False
166,45.1705551789455,0.9397265155585245,166,256,0.6484375,False
167,45.22446832651162,0.9408481226342932,167,256,0.65234375,False
168,45.27838147407774,0.9419697297100618,168,256,0.65625,False
169,45.33229462164386,0.9430913367858305,169,256,0.66015625,False
170,45.38620776920998,0.944212943861599,170,256,0.6640625,False
171,45.42186941211168,0.944954847327039,171,256,0.66796875,False
172,45.45753105501339,0.9456967507924792,172,256,0.671875,False
173,45.4931926979151,0.9464386542579194,173,256,0.67578125,False
174,45.5288543408168,0.9471805577233593,174,256,0.6796875,False
175,45.56451598371851,0.9479224611887994,175,256,0.68359375,False
176,45.60017762662021,0.9486643646542394,176,256,0.6875,False
177,45.63583926952192,0.9494062681196795,177,256,0.69140625,False
178,45.671500912423625,0.9501481715851198,178,256,0.6953125,False
179,45.707162555325326,0.9508900750505597,179,256,0.69921875,False
180,45.742824198227034,0.9516319785159999,180,256,0.703125,False
181,45.77848584112874,0.95237388198144,181,256,0.70703125,False
182,45.81414748403044,0.9531157854468799,182,256,0.7109375,False
183,45.84980912693215,0.9538576889123201,183,256,0.71484375,False
184,45.88547076983385,0.95459959237776,184,256,0.71875,False
185,45.92113241273556,0.9553414958432003,185,256,0.72265625,False
186,45.95679405563727,0.9560833993086404,186,256,0.7265625,False
187,45.99245569853897,0.9568253027740804,187,256,0.73046875,False
188,46.02811734144068,0.9575672062395205,188,256,0.734375,False
189,46.063778984342385,0.9583091097049606,189,256,0.73828125,False
190,46.099440627244086,0.9590510131704006,190,256,0.7421875,False
191,46.135102270145794,0.9597929166358408,191,256,0.74609375,False
192,46.170763913047494,0.9605348201012808,192,256,0.75,False
193,46.2064255559492,0.9612767235667209,193,256,0.75390625,False
194,46.24208719885091,0.962018627032161,194,256,0.7578125,False
195,46.27774884175261,0.962760530497601,195,256,0.76171875,False
196,46.31341048465432,0.9635024339630411,196,256,0.765625,False
197,46.34907212755603,0.9642443374284813,197,256,0.76953125,False
198,46.38473377045773,0.9649862408939213,198,256,0.7734375,False
199,46.42039541335944,0.9657281443593614,199,256,0.77734375,False
200,46.45605705626114,0.9664700478248014,200,256,0.78125,False
201,46.491718699162845,0.9672119512902415,201,256,0.78515625,False
202,46.52738034206455,0.9679538547556816,202,256,0.7890625,False
203,46.563041984966254,0.9686957582211216,203,256,0.79296875,False
204,46.59870362786796,0.9694376616865618,204,256,0.796875,False
205,46.63436527076967,0.9701795651520019,205,256,0.80078125,False
206,46.67002691367137,0.9709214686174419,206,256,0.8046875,False
207,46.70568855657308,0.971663372082882,207,256,0.80859375,False
208,46.74135019947479,0.9724052755483221,208,256,0.8125,False
209,46.77701184237649,0.9731471790137621,209,256,0.81640625,False
210,46.8126734852782,0.9738890824792023,210,256,0.8203125,False
211,46.8483351281799,0.9746309859446423,211,256,0.82421875,False
212,46.883996771081605,0.9753728894100824,212,256,0.828125,False
213,46.91965841398331,0.9761147928755225,213,256,0.83203125,False
214,46.955320056885014,0.9768566963409625,214,256,0.8359375,False
215,46.99098169978672,0.9775985998064026,215,256,0.83984375,False
216,47.02664334268843,0.9783405032718427,216,256,0.84375,False
217,47.06230498559013,0.9790824067372828,217,256,0.84765625,False
218,47.09796662849184,0.9798243102027229,218,256,0.8515625,False
219,47.13362827139354,0.9805662136681629,219,256,0.85546875,False
220,47.16928991429525,0.981308117133603,220,256,0.859375,False
221,47.20495155719696,0.9820500205990431,221,256,0.86328125,False
222,47.24061320009866,0.9827919240644831,222,256,0.8671875,False
223,47.276274843000365,0.9835338275299232,223,256,0.87109375,False
224,47.31193648590207,0.9842757309953634,224,256,0.875,False
225,47.347598128803774,0.9850176344608034,225,256,0.87890625,False
226,47.38325977170548,0.9857595379262435,226,256,0.8828125,False
227,47.41892141460718,0.9865014413916835,227,256,0.88671875,False
228,47.45458305750889,0.9872433448571236,228,256,0.890625,False
229,47.4902447004106,0.9879852483225637,229,256,0.89453125,False
230,47.5259063433123,0.9887271517880037,230,256,0.8984375,False
231,47.56156798621401,0.9894690552534439,231,256,0.90234375,False
232,47.597229629115716,0.990210958718884,232,256,0.90625,False
233,47.63289127201742,0.990952862184324,233,256,0.91015625,False
234,47.668552914919125,0.9916947656497641,234,256,0.9140625,False
235,47.68669900898722,0.9920722763020475,235,256,0.91796875,False
236,47.70484510305532,0.9924497869543311,236,256,0.921875,False
237,47.72299119712341,0.9928272976066145,237,256,0.92578125,False
238,47.74113729119151,0.9932048082588979,238,256,0.9296875,False
239,47.75928338525961,0.9935823189111814,239,256,0.93359375,False
240,47.7774294793277,0.9939598295634648,240,256,0.9375,False
241,47.795575573395794,0.9943373402157482,241,256,0.94140625,False
242,47.813721667463895,0.9947148508680318,242,256,0.9453125,False
243,47.83186776153199,0.9950923615203151,243,256,0.94921875,False
244,47.85001385560008,0.9954698721725985,244,256,0.953125,True
245,47.86815994966818,0.995847382824882,245,256,0.95703125,True
246,47.886306043736276,0.9962248934771655,246,256,0.9609375,True
247,47.90445213780438,0.996602404129449,247,256,0.96484375,True
248,47.92259823187247,0.9969799147817324,248,256,0.96875,True
249,47.940744325940564,0.9973574254340158,249,256,0.97265625,True
250,47.958890420008665,0.9977349360862994,250,256,0.9765625,True
251,47.97703651407676,0.9981124467385827,251,256,0.98046875,True
252,47.99518260814485,0.9984899573908661,252,256,0.984375,True
253,48.01332870221295,0.9988674680431496,253,256,0.98828125,True
254,48.031474796281046,0.999244978695433,254,256,0.9921875,True
255,48.04962089034914,0.9996224893477165,255,256,0.99609375,True
256,48.06776698441724,1.0,256,256,1.0,True
