budget,selector,value_fraction,material_fraction,material_retained,meets_gate,oracle_value_fraction,oracle_material_fraction,value_efficiency_vs_oracle,material_gap_to_oracle,oracle_overlap
32,recency,0.12688098373457968,0.13,13,False,0.40170774434823203,0.32,0.3158539647784067,0.19,2
32,payload_all_l1,0.0,0.0,0,False,0.40170774434823203,0.32,0.0,0.32,0
32,payload_relevant_l1,0.3715483409172635,0.32,32,False,0.40170774434823203,0.32,0.9249220263853716,0.0,20
32,payload_relevant_max,0.3715483409172635,0.32,32,False,0.40170774434823203,0.32,0.9249220263853716,0.0,20
32,actual_relevant_emotion_delta_l1,0.4008971700289681,0.32,32,False,0.40170774434823203,0.32,0.9979821790078279,0.0,29
32,host_emotion_projection,0.4008971700289681,0.32,32,False,0.40170774434823203,0.32,0.9979821790078279,0.0,29
32,event_total_behavior_delta,0.4008971700289681,0.32,32,False,0.40170774434823203,0.32,0.9979821790078279,0.0,29
32,novelty_weighted_host_projection,0.4008971700289681,0.32,32,False,0.40170774434823203,0.32,0.9979821790078279,0.0,31
64,recency,0.2609837154574015,0.26,26,False,0.7051016691404272,0.64,0.3701362893886787,0.38,14
64,payload_all_l1,0.16354554140347455,0.14,14,False,0.7051016691404272,0.64,0.2319460420549693,0.5,14
64,payload_relevant_l1,0.6909697004016491,0.64,64,False,0.7051016691404272,0.64,0.9799575446247262,0.0,52
64,payload_relevant_max,0.6909697004016491,0.64,64,False,0.7051016691404272,0.64,0.9799575446247262,0.0,52
64,actual_relevant_emotion_delta_l1,0.6754847470382281,0.64,64,False,0.7051016691404272,0.64,0.9579962388426845,0.0,51
64,host_emotion_projection,0.673206522261136,0.64,64,False,0.7051016691404272,0.64,0.9547651802921219,0.0,50
64,event_total_behavior_delta,0.673206522261136,0.64,64,False,0.7051016691404272,0.64,0.9547651802921219,0.0,50
64,novelty_weighted_host_projection,0.673206522261136,0.64,64,False,0.7051016691404272,0.64,0.9547651802921219,0.0,50
96,recency,0.3897780328710342,0.39,39,False,0.9514940046749594,0.96,0.40964843809413864,0.57,35
96,payload_all_l1,0.5342833080014742,0.46,46,False,0.9514940046749594,0.96,0.5615204146073323,0.49999999999999994,46
96,payload_relevant_l1,0.9453445415570119,0.96,96,False,0.9514940046749594,0.96,0.9935370448077093,0.0,92
96,payload_relevant_max,0.9453445415570119,0.96,96,False,0.9514940046749594,0.96,0.9935370448077093,0.0,92
96,actual_relevant_emotion_delta_l1,0.9451219504199074,0.96,96,False,0.9514940046749594,0.96,0.9933031062479172,0.0,92
96,host_emotion_projection,0.9451219504199074,0.96,96,False,0.9514940046749594,0.96,0.9933031062479172,0.0,92
96,event_total_behavior_delta,0.7022434275611091,0.68,68,False,0.9514940046749594,0.96,0.7380429347014152,0.2799999999999999,64
96,novelty_weighted_host_projection,0.9451219504199074,0.96,96,False,0.9514940046749594,0.96,0.9933031062479172,0.0,92
128,recency,0.5206943099767194,0.52,52,False,0.9915379375984732,1.0,0.5251380610184746,0.48,64
128,payload_all_l1,0.8017030491589162,0.78,78,False,0.9915379375984732,1.0,0.8085450074665411,0.21999999999999997,78
128,payload_relevant_l1,0.9903700397042433,1.0,100,True,0.9915379375984732,1.0,0.9988221349381159,0.0,113
128,payload_relevant_max,0.9903700397042433,1.0,100,True,0.9915379375984732,1.0,0.9988221349381159,0.0,113
128,actual_relevant_emotion_delta_l1,0.9897991708373288,1.0,100,True,0.9915379375984732,1.0,0.9982463941164412,0.0,111
128,host_emotion_projection,0.9898365435129419,1.0,100,True,0.9915379375984732,1.0,0.9982840857409329,0.0,111
128,event_total_behavior_delta,0.7829544817314215,0.77,77,False,0.9915379375984732,1.0,0.7896364345148048,0.22999999999999998,77
128,novelty_weighted_host_projection,0.9897991708373288,1.0,100,True,0.9915379375984732,1.0,0.9982463941164412,0.0,111
