episode_id,index,target_class,dimension,payload_all_l1,payload_all_l2,payload_relevant_l1,payload_relevant_l2,payload_relevant_max,actual_relevant_emotion_delta_l1,actual_relevant_emotion_delta_l2,host_emotion_projection,event_total_behavior_delta,dimension_prior_count,dimension_novelty,signature_prior_count,signature_novelty,structural_dimension,activation_before,activation_after,activation_delta,meaning_before,meaning_after,meaning_delta,foreground_changed,payload_canonical_bytes,score__payload_all_l1,score__payload_relevant_l1,score__payload_relevant_max,score__actual_relevant_emotion_delta_l1,score__host_emotion_projection,score__event_total_behavior_delta,score__novelty_weighted_host_projection
npc:i1:e1,1,no_payload_structural,betrayal,0,0.0,0.0,0.0,0.0,0.0,0.0,0.0,0.06739926837896412,0,1.0,0,1.0,1.0,0.0,0.001,0.001,0.0,0.001,0.001,1.0,2,0,0.0,0.0,0.0,0.0,0.06739926837896412,0.0
npc:i2:e2,2,joy_decoy,weather,0.95,0.95,0.0,0.0,0.0,0.0,0.0,0.0,0.0669616413059314,0,1.0,0,1.0,0.0,0.0,0.001,0.001,0.0,0.001,0.001,1.0,12,0.95,0.0,0.0,0.0,0.0,0.0669616413059314,0.0
npc:i3:e3,3,affect_only,weather,0.65,0.65,0.65,0.65,0.65,0.65,0.65,0.16524765081758608,0.16525356135366878,1,0.5,0,1.0,0.0,0.0005200000000000001,0.0015204804804804805,0.0010004804804804805,0.001,0.002,0.001,0.0,14,0.65,0.65,0.65,0.65,0.16524765081758608,0.16525356135366878,0.2065595635219826
npc:i4:e4,4,structural_low,betrayal,0.03,0.03,0.03,0.03,0.03,0.012839999999999963,0.012839999999999963,0.0032642766715350728,0.0037053107029341057,1,0.5,0,1.0,1.0,0.00014060800000000005,0.0011414682522522522,0.0010008602522522522,0.001,0.002,0.001,0.0,14,0.03,0.03,0.03,0.012839999999999963,0.0032642766715350728,0.0037053107029341057,0.004080345839418841
npc:i5:e5,5,combined,betrayal,0.55,0.55,0.55,0.55,0.55,0.2669374400000001,0.2669374400000001,0.06786274596193903,0.06830359671081757,2,0.3333333333333333,1,0.5,1.0,0.0005935634911711712,0.0015949727461900378,0.0010014092550188667,0.002,0.003,0.001,0.0,14,0.55,0.55,0.55,0.2669374400000001,0.06786274596193903,0.06830359671081757,0.0763455892071814
npc:i6:e6,6,no_payload_structural,threat,0,0.0,0.0,0.0,0.0,0.0,0.0,0.0,0.00046530484369879956,0,1.0,0,1.0,1.0,0.0,0.001,0.001,0.0,0.001,0.001,0.0,2,0,0.0,0.0,0.0,0.0,0.00046530484369879956,0.0
npc:i7:e7,7,joy_decoy,weather,0.95,0.95,0.0,0.0,0.0,0.0,0.0,0.0,0.06696164357075922,2,0.3333333333333333,1,0.5,0.0,0.00011117169408768771,0.001113064307620666,0.0010018926135329782,0.002,0.003,0.001,1.0,12,0.95,0.0,0.0,0.0,0.0,0.06696164357075922,0.0
npc:i8:e8,8,affect_only,weather,0.65,0.65,0.65,0.65,0.65,0.65,0.65,0.2354048988641648,0.23540565385686785,3,0.25,0,1.0,0.0,0.0005787934399627463,0.001581221931998892,0.0010024284920361456,0.003,0.004,0.001,0.0,13,0.65,0.65,0.65,0.65,0.2354048988641648,0.23540565385686785,0.294256123580206
npc:i9:e9,9,structural_low,threat,0.03,0.03,0.03,0.03,0.03,0.013229999999999964,0.013229999999999964,0.004807271661002001,0.005230921640870433,1,0.5,0,1.0,1.0,0.00014060800000000005,0.0011414682522522522,0.0010008602522522522,0.001,0.002,0.001,0.0,13,0.03,0.03,0.03,0.013229999999999964,0.004807271661002001,0.005230921640870433,0.006009089576252501
npc:i10:e10,10,combined,threat,0.55,0.55,0.55,0.55,0.55,0.2793352100000001,0.2793352100000001,0.10149964013250523,0.10192258576040229,2,0.3333333333333333,1,0.5,1.0,0.0005935634911711712,0.0015949727461900378,0.0010014092550188667,0.002,0.003,0.001,0.0,13,0.55,0.55,0.55,0.2793352100000001,0.10149964013250523,0.10192258576040229,0.11418709514906838
npc:i11:e11,11,no_payload_structural,respect,0,0.0,0.0,0.0,0.0,0.0,0.0,0.0,0.0004869499412164021,0,1.0,0,1.0,1.0,0.0,0.001,0.001,0.0,0.001,0.001,0.0,2,0,0.0,0.0,0.0,0.0,0.0004869499412164021,0.0
npc:i12:e12,12,joy_decoy,weather,0.95,0.95,0.0,0.0,0.0,0.0,0.0,0.0,0.06696164371431901,4,0.2,2,0.3333333333333333,0.0,0.00011561287577554013,0.0011195128628480547,0.0010038999870725146,0.004,0.005,0.001,1.0,12,0.95,0.0,0.0,0.0,0.0,0.06696164371431901,0.0
npc:i13:e13,13,affect_only,weather,0.65,0.65,0.65,0.65,0.65,0.65,0.65,0.14344683682654474,0.1434485189115394,5,0.16666666666666666,0,1.0,0.0,0.0005821466886809885,0.0015865867422602037,0.0010044400535792152,0.005,0.006,0.001,0.0,13,0.65,0.65,0.65,0.65,0.14344683682654474,0.1434485189115394,0.17930854603318092
npc:i14:e14,14,structural_low,respect,0.03,0.03,0.03,0.03,0.03,0.01205999999999996,0.01205999999999996,0.002684505118284936,0.0031696957806124854,1,0.5,0,1.0,1.0,0.00014060800000000005,0.0011414682522522522,0.0010008602522522522,0.001,0.002,0.001,0.0,13,0.03,0.03,0.03,0.01205999999999996,0.002684505118284936,0.0031696957806124854,0.00335563139785617
npc:i15:e15,15,combined,respect,0.55,0.55,0.55,0.55,0.55,0.24130964,0.24130964,0.053714507767122374,0.054204070148644666,2,0.3333333333333333,1,0.5,1.0,0.0005935634911711712,0.0015949727461900378,0.0010014092550188667,0.002,0.003,0.001,0.0,13,0.55,0.55,0.55,0.24130964,0.053714507767122374,0.054204070148644666,0.06042882123801267
npc:i16:e16,16,no_payload_structural,betrayal,0,0.0,0.0,0.0,0.0,0.0,0.0,0.0,0.00047295229037378427,3,0.25,1,0.5,1.0,1.1989195624190692e-06,0.001004206744116519,0.0010030078245541,0.003,0.004,0.001,0.0,2,0,0.0,0.0,0.0,0.0,0.00047295229037378427,0.0
npc:i17:e17,17,joy_decoy,weather,0.95,0.95,0.0,0.0,0.0,0.0,0.0,0.0,0.06696164371933977,6,0.14285714285714285,3,0.25,0.0,0.00011600513010097583,0.001121924642042524,0.0010059195119415483,0.006,0.007,0.001,1.0,12,0.95,0.0,0.0,0.0,0.0,0.06696164371933977,0.0
npc:i18:e18,18,affect_only,weather,0.65,0.65,0.65,0.65,0.65,0.5535791893794986,0.5535791893794986,0.13977062889044017,0.13977146933059328,7,0.125,1,0.5,0.0,0.0005834008138621126,0.0015898626458723218,0.0010064618320102092,0.007,0.008,0.001,0.0,14,0.65,0.65,0.65,0.5535791893794986,0.13977062889044017,0.13977146933059328,0.1572419575017452
npc:i19:e19,19,structural_low,betrayal,0.03,0.03,0.03,0.03,0.03,0.011469341092102403,0.011469341092102403,0.0029158179567623697,0.0033579919148513356,4,0.2,2,0.3333333333333333,1.0,0.0001411995018767355,0.0011450737995656144,0.0010038742976888788,0.004,0.005,0.001,0.0,14,0.03,0.03,0.03,0.011469341092102403,0.0029158179567623697,0.0033579919148513356,0.003158802786492567
npc:i20:e20,20,combined,betrayal,0.55,0.55,0.55,0.55,0.55,0.245487541864008,0.245487541864008,0.06240959938155558,0.06285131963991701,5,0.16666666666666666,3,0.25,1.0,0.0005954383757741195,0.0015998650708738441,0.0010044266950997246,0.005,0.006,0.001,0.0,14,0.55,0.55,0.55,0.245487541864008,0.06240959938155558,0.06285131963991701,0.0663101993429028
npc:i21:e21,21,no_payload_structural,threat,0,0.0,0.0,0.0,0.0,0.0,0.0,0.0,0.00046632895960381575,3,0.25,1,0.5,1.0,1.1989195624190692e-06,0.001004206744116519,0.0010030078245541,0.003,0.004,0.001,0.0,2,0,0.0,0.0,0.0,0.0,0.00046632895960381575,0.0
npc:i22:e22,22,joy_decoy,weather,0.95,0.95,0.0,0.0,0.0,0.0,0.0,0.0,0.06696164377020399,8,0.1111111111111111,4,0.2,0.0,0.00011624465159362405,0.0011241919856141958,0.0010079473340205718,0.008,0.009000000000000001,0.0010000000000000009,1.0,12,0.95,0.0,0.0,0.0,0.0,0.06696164377020399,0.0
npc:i23:e23,23,affect_only,weather,0.65,0.65,0.65,0.65,0.65,0.579416579487811,0.579416579487811,0.2098629413837517,0.20986398117281388,9,0.1,1,0.5,0.0,0.0005845798325193819,0.0015930716793079607,0.0010084918467885787,0.009000000000000001,0.010000000000000002,0.0010000000000000009,0.0,13,0.65,0.65,0.65,0.579416579487811,0.2098629413837517,0.20986398117281388,0.23609580905672065
npc:i24:e24,24,structural_low,threat,0.03,0.03,0.03,0.03,0.03,0.012249433404269094,0.012249433404269094,0.004450971584858212,0.004875889764160937,4,0.2,2,0.3333333333333333,1.0,0.0001411995018767355,0.0011450737995656144,0.0010038742976888788,0.004,0.005,0.001,0.0,13,0.03,0.03,0.03,0.012249433404269094,0.004450971584858212,0.004875889764160937,0.004821885883596396
npc:i25:e25,25,combined,threat,0.55,0.55,0.55,0.55,0.55,0.26433875134042395,0.26433875134042395,0.09605050553465426,0.09647445737081238,5,0.16666666666666666,3,0.25,1.0,0.0005954383757741195,0.0015998650708738441,0.0010044266950997246,0.005,0.006,0.001,0.0,13,0.55,0.55,0.55,0.26433875134042395,0.09605050553465426,0.09647445737081238,0.10205366213057016
npc:i26:e26,26,no_payload_structural,respect,0,0.0,0.0,0.0,0.0,0.0,0.0,0.0,0.0004877669024524623,3,0.25,1,0.5,1.0,1.1989195624190692e-06,0.001004206744116519,0.0010030078245541,0.003,0.004,0.001,0.0,2,0,0.0,0.0,0.0,0.0,0.0004877669024524623,0.0
npc:i27:e27,27,joy_decoy,weather,0.95,0.95,0.0,0.0,0.0,0.0,0.0,0.0,0.06696164382133478,10,0.09090909090909091,5,0.16666666666666666,0.0,0.00011647928379574956,0.0011264626380545425,0.001009983354258793,0.010000000000000002,0.011000000000000003,0.0010000000000000009,1.0,12,0.95,0.0,0.0,0.0,0.0,0.06696164382133478,0.0
npc:i28:e28,28,affect_only,weather,0.65,0.65,0.65,0.65,0.65,0.47354448288219203,0.47354448288219203,0.10470880748496232,0.10471238835135255,11,0.08333333333333333,1,0.5,0.0,0.0005857605717883622,0.0015962906419887792,0.001010530070200417,0.011000000000000003,0.012000000000000004,0.0010000000000000009,0.0,13,0.65,0.65,0.65,0.47354448288219203,0.10470880748496232,0.10471238835135255,0.11779740842058262
npc:i29:e29,29,structural_low,respect,0.03,0.03,0.03,0.03,0.03,0.009437599545603081,0.009437599545603081,0.0021007698411687507,0.002586852937548745,4,0.2,2,0.3333333333333333,1.0,0.0001411995018767355,0.0011450737995656144,0.0010038742976888788,0.004,0.005,0.001,0.0,13,0.03,0.03,0.03,0.009437599545603081,0.0021007698411687507,0.002586852937548745,0.0022758339945994797
npc:i30:e30,30,combined,respect,0.55,0.55,0.55,0.55,0.55,0.19840542029909602,0.19840542029909602,0.04416420947664988,0.04465460345348028,5,0.16666666666666666,3,0.25,1.0,0.0005954383757741195,0.0015998650708738441,0.0010044266950997246,0.005,0.006,0.001,0.0,13,0.55,0.55,0.55,0.19840542029909602,0.04416420947664988,0.04465460345348028,0.0469244725689405
npc:i31:e31,31,no_payload_structural,betrayal,0,0.0,0.0,0.0,0.0,0.0,0.0,0.0,0.000473931417621094,6,0.14285714285714285,2,0.3333333333333333,1.0,1.2025970570866944e-06,0.0010072376045047156,0.0010060350074476288,0.006,0.007,0.001,0.0,2,0,0.0,0.0,0.0,0.0,0.000473931417621094,0.0
npc:i32:e32,32,joy_decoy,weather,0.95,0.95,0.0,0.0,0.0,0.0,0.0,0.0,0.06696164383721698,12,0.07692307692307693,6,0.14285714285714285,0.0,0.00011671464198615432,0.0011287422587452785,0.0010120276167591242,0.012000000000000004,0.013000000000000005,0.0010000000000000009,1.0,12,0.95,0.0,0.0,0.0,0.0,0.06696164383721698,0.0
npc:i33:e33,33,affect_only,weather,0.65,0.65,0.65,0.65,0.65,0.5514141631962192,0.5514141631962192,0.13921333312067533,0.13921389659766825,13,0.07142857142857142,2,0.3333333333333333,0.0,0.0005869459745475448,0.0015995225237121378,0.001012576549164593,0.013000000000000005,0.014000000000000005,0.0010000000000000009,0.0,14,0.65,0.65,0.65,0.5514141631962192,0.13921333312067533,0.13921389659766825,0.15081444421406492
npc:i34:e34,34,structural_low,betrayal,0.03,0.03,0.03,0.03,0.03,0.0114385644122047,0.0114385644122047,0.0029079936889884147,0.00335103344767623,7,0.125,4,0.2,1.0,0.00014162566509419908,0.0011485323864787972,0.001006906721384598,0.007,0.008,0.001,0.0,14,0.03,0.03,0.03,0.0114385644122047,0.0029079936889884147,0.00335103344767623,0.0030533933734378355
npc:i35:e35,35,combined,betrayal,0.55,0.55,0.55,0.55,0.55,0.2450059073413957,0.2450059073413957,0.06228715480707203,0.06272973024028258,8,0.1111111111111111,5,0.16666666666666666,1.0,0.0005972368409689746,0.0016046993038309016,0.001007462462861927,0.008,0.009000000000000001,0.0010000000000000009,0.0,14,0.55,0.55,0.55,0.2450059073413957,0.06228715480707203,0.06272973024028258,0.06488245292403337
npc:i36:e36,36,no_payload_structural,threat,0,0.0,0.0,0.0,0.0,0.0,0.0,0.0,0.00046735865443501336,6,0.14285714285714285,2,0.3333333333333333,1.0,1.2025970570866944e-06,0.0010072376045047156,0.0010060350074476288,0.006,0.007,0.001,0.0,2,0,0.0,0.0,0.0,0.0,0.00046735865443501336,0.0
npc:i37:e37,37,joy_decoy,weather,0.95,0.95,0.0,0.0,0.0,0.0,0.0,0.0,0.06696164388901266,14,0.06666666666666667,7,0.125,0.0,0.00011695094476734049,0.0011310311162229525,0.001014080171455612,0.014000000000000005,0.015000000000000006,0.0010000000000000009,1.0,12,0.95,0.0,0.0,0.0,0.0,0.06696164388901266,0.0
npc:i38:e38,38,affect_only,weather,0.65,0.65,0.65,0.65,0.65,0.5782939621073173,0.5782939621073173,0.2094567110535436,0.209457761679666,15,0.0625,2,0.3333333333333333,0.0,0.0005881361804359354,0.001602767514262905,0.0010146313338269698,0.015000000000000006,0.016000000000000007,0.0010000000000000009,0.0,13,0.65,0.65,0.65,0.5782939621073173,0.2094567110535436,0.209457761679666,0.22691143697467223
npc:i39:e39,39,structural_low,threat,0.03,0.03,0.03,0.03,0.03,0.012233837658198521,0.012233837658198521,0.00444530469233235,0.004871220919971806,7,0.125,4,0.2,1.0,0.00014162566509419908,0.0011485323864787972,0.001006906721384598,0.007,0.008,0.001,0.0,13,0.03,0.03,0.03,0.012233837658198521,0.00444530469233235,0.004871220919971806,0.004667569926948968
npc:i40:e40,40,combined,threat,0.55,0.55,0.55,0.55,0.55,0.26410023519860304,0.26410023519860304,0.09596383796932792,0.09638879097829813,8,0.1111111111111111,5,0.16666666666666666,1.0,0.0005972368409689746,0.0016046993038309016,0.001007462462861927,0.008,0.009000000000000001,0.0010000000000000009,0.0,13,0.55,0.55,0.55,0.26410023519860304,0.09596383796932792,0.09638879097829813,0.09996233121804993
npc:i41:e41,41,no_payload_structural,respect,0,0.0,0.0,0.0,0.0,0.0,0.0,0.0,0.0004885881055906414,6,0.14285714285714285,2,0.3333333333333333,1.0,1.2025970570866944e-06,0.0010072376045047156,0.0010060350074476288,0.006,0.007,0.001,0.0,2,0,0.0,0.0,0.0,0.0,0.0004885881055906414,0.0
npc:i42:e42,42,joy_decoy,weather,0.95,0.95,0.0,0.0,0.0,0.0,0.0,0.0,0.0669616439412156,16,0.058823529411764705,8,0.1111111111111111,0.0,0.00011718820601564887,0.0011333292749119753,0.0010161410688963265,0.016000000000000007,0.017000000000000008,0.0010000000000000009,1.0,12,0.95,0.0,0.0,0.0,0.0,0.0669616439412156,0.0
npc:i43:e43,43,affect_only,weather,0.65,0.65,0.65,0.65,0.65,0.4658264798602429,0.4658264798602429,0.10301956289130647,0.10302328443108014,17,0.05555555555555555,2,0.3333333333333333,0.0,0.0005893312229542271,0.001606025697803715,0.001016694474849488,0.017000000000000008,0.01800000000000001,0.0010000000000000009,0.0,13,0.65,0.65,0.65,0.4658264798602429,0.10301956289130647,0.10302328443108014,0.111604526465582
npc:i44:e44,44,structural_low,respect,0.03,0.03,0.03,0.03,0.03,0.00932289814684606,0.00932289814684606,0.0020752377937361126,0.0025621333013558243,7,0.125,4,0.2,1.0,0.00014162566509419908,0.0011485323864787972,0.001006906721384598,0.007,0.008,0.001,0.0,13,0.03,0.03,0.03,0.00932289814684606,0.0020752377937361126,0.0025621333013558243,0.002178999683422918
npc:i45:e45,45,combined,respect,0.55,0.55,0.55,0.55,0.55,0.19652882894783286,0.19652882894783286,0.043746488159287104,0.04423771829782552,8,0.1111111111111111,5,0.16666666666666666,1.0,0.0005972368409689746,0.0016046993038309016,0.001007462462861927,0.008,0.009000000000000001,0.0010000000000000009,0.0,13,0.55,0.55,0.55,0.19652882894783286,0.043746488159287104,0.04423771829782552,0.0455692584992574
npc:i46:e46,46,no_payload_structural,betrayal,0,0.0,0.0,0.0,0.0,0.0,0.0,0.0,0.0004749165853283622,9,0.1,3,0.25,1.0,1.2062308849846015e-06,0.0010102867493200158,0.001009080518435031,0.009000000000000001,0.010000000000000002,0.0010000000000000009,0.0,2,0,0.0,0.0,0.0,0.0,0.0004749165853283622,0.0
npc:i47:e47,47,joy_decoy,weather,0.95,0.95,0.0,0.0,0.0,0.0,0.0,0.0,0.06696164395765575,18,0.05263157894736842,9,0.1,0.0,0.00011742643188472809,0.0011356367919337265,0.0010182103600489983,0.01800000000000001,0.01900000000000001,0.0010000000000000009,1.0,12,0.95,0.0,0.0,0.0,0.0,0.06696164395765575,0.0
npc:i48:e48,48,affect_only,weather,0.65,0.65,0.65,0.65,0.65,0.551365549848705,0.551365549848705,0.13920068168622274,0.13920123587783964,19,0.05,3,0.25,0.0,0.0005905311318055378,0.0016092971551166443,0.0010187660233111065,0.01900000000000001,0.02000000000000001,0.0010000000000000009,0.0,14,0.65,0.65,0.65,0.551365549848705,0.13920068168622274,0.13920123587783964,0.14790072429161166
npc:i49:e49,49,structural_low,betrayal,0.03,0.03,0.03,0.03,0.03,0.01143787335477231,0.01143787335477231,0.002907818003423364,0.0033517174684908834,10,0.09090909090909091,6,0.14285714285714285,1.0,0.0001420543992483888,0.0011520119200572297,0.0010099575208088408,0.010000000000000002,0.011000000000000003,0.0010000000000000009,0.0,14,0.03,0.03,0.03,0.01143787335477231,0.002907818003423364,0.0033517174684908834,0.00301166864640277
npc:i50:e50,50,combined,betrayal,0.55,0.55,0.55,0.55,0.55,0.24499509275328435,0.24499509275328435,0.06228440544510285,0.06272784075927071,11,0.08333333333333333,7,0.125,1.0,0.0005990461984297595,0.0016095628352362015,0.0010105166368064421,0.011000000000000003,0.012000000000000004,0.0010000000000000009,0.0,14,0.55,0.55,0.55,0.24499509275328435,0.06228440544510285,0.06272784075927071,0.06423079311526232
npc:i51:e51,51,no_payload_structural,threat,0,0.0,0.0,0.0,0.0,0.0,0.0,0.0,0.0004683946350924327,9,0.1,3,0.25,1.0,1.2062308849846015e-06,0.0010102867493200158,0.001009080518435031,0.009000000000000001,0.010000000000000002,0.0010000000000000009,0.0,2,0,0.0,0.0,0.0,0.0,0.0004683946350924327,0.0
npc:i52:e52,52,joy_decoy,weather,0.95,0.95,0.0,0.0,0.0,0.0,0.0,0.0,0.0669616440105472,20,0.047619047619047616,10,0.09090909090909091,0.0,0.00011766562828105341,0.0011379537245787266,0.0010202880962976732,0.02000000000000001,0.02100000000000001,0.0010000000000000009,1.0,12,0.95,0.0,0.0,0.0,0.0,0.0669616440105472,0.0
npc:i53:e53,53,affect_only,weather,0.65,0.65,0.65,0.65,0.65,0.5782761070675098,0.5782761070675098,0.20945024895551115,0.20945130611346535,21,0.045454545454545456,3,0.25,0.0,0.0005917359367809379,0.0016125819674890278,0.0010208460307080899,0.02100000000000001,0.022000000000000013,0.0010000000000000009,0.0,13,0.65,0.65,0.65,0.5782761070675098,0.20945024895551115,0.20945130611346535,0.2225408895152306
npc:i54:e54,54,structural_low,threat,0.03,0.03,0.03,0.03,0.03,0.012233589610491702,0.012233589610491702,0.004445214561363979,0.004872129950620756,10,0.09090909090909091,6,0.14285714285714285,1.0,0.0001420543992483888,0.0011520119200572297,0.0010099575208088408,0.010000000000000002,0.011000000000000003,0.0010000000000000009,0.0,13,0.03,0.03,0.03,0.012233589610491702,0.004445214561363979,0.004872129950620756,0.004603972224269836
npc:i55:e55,55,combined,threat,0.55,0.55,0.55,0.55,0.55,0.26409644163965673,0.26409644163965673,0.095962459536341,0.09638841960123978,11,0.08333333333333333,7,0.125,1.0,0.0005990461984297595,0.0016095628352362015,0.0010105166368064421,0.011000000000000003,0.012000000000000004,0.0010000000000000009,0.0,13,0.55,0.55,0.55,0.26409644163965673,0.095962459536341,0.09638841960123978,0.09896128639685166
npc:i56:e56,56,no_payload_structural,respect,0,0.0,0.0,0.0,0.0,0.0,0.0,0.0,0.0004894142809006022,9,0.1,3,0.25,1.0,1.2062308849846015e-06,0.0010102867493200158,0.001009080518435031,0.009000000000000001,0.010000000000000002,0.0010000000000000009,0.0,2,0,0.0,0.0,0.0,0.0,0.0004894142809006022,0.0
npc:i57:e57,57,joy_decoy,weather,0.95,0.95,0.0,0.0,0.0,0.0,0.0,0.0,0.06696164406385655,22,0.043478260869565216,11,0.08333333333333333,0.0,0.00011790580114804256,0.0011402801305947226,0.00102237432944668,0.022000000000000013,0.023000000000000013,0.0010000000000000009,1.0,12,0.95,0.0,0.0,0.0,0.0,0.06696164406385655,0.0
npc:i58:e58,58,affect_only,weather,0.65,0.65,0.65,0.65,0.65,0.4654889014630368,0.4654889014630368,0.10294569752735104,0.10294944735193144,23,0.041666666666666664,3,0.25,0.0,0.0005929456679092558,0.0016158802168673844,0.0010229345489581286,0.023000000000000013,0.024000000000000014,0.0010000000000000009,0.0,13,0.65,0.65,0.65,0.4654889014630368,0.10294569752735104,0.10294944735193144,0.10937980362281048
npc:i59:e59,59,structural_low,respect,0.03,0.03,0.03,0.03,0.03,0.009317881212512202,0.009317881212512202,0.0020741210453200697,0.002561829059020107,10,0.09090909090909091,6,0.14285714285714285,1.0,0.0001420543992483888,0.0011520119200572297,0.0010099575208088408,0.010000000000000002,0.011000000000000003,0.0010000000000000009,0.0,13,0.03,0.03,0.03,0.009317881212512202,0.0020741210453200697,0.002561829059020107,0.0021481967969386438
npc:i60:e60,60,combined,respect,0.55,0.55,0.55,0.55,0.55,0.196446748557508,0.196446748557508,0.04372821741070187,0.04422028875462012,11,0.08333333333333333,7,0.125,1.0,0.0005990461984297595,0.0016095628352362015,0.0010105166368064421,0.011000000000000003,0.012000000000000004,0.0010000000000000009,0.0,13,0.55,0.55,0.55,0.196446748557508,0.04372821741070187,0.04422028875462012,0.0450947242047863
npc:i61:e61,61,no_payload_structural,betrayal,0,0.0,0.0,0.0,0.0,0.0,0.0,0.0,0.0004759078065175332,12,0.07692307692307693,4,0.2,1.0,1.2098867361320158e-06,0.0010133544111422706,0.0010121445244061385,0.012000000000000004,0.013000000000000005,0.0010000000000000009,0.0,2,0,0.0,0.0,0.0,0.0,0.0004759078065175332,0.0
npc:i62:e62,62,joy_decoy,weather,0.95,0.95,0.0,0.0,0.0,0.0,0.0,0.0,0.06696164408087328,24,0.04,12,0.07692307692307693,0.0,0.0001181469564773104,0.001142616068202232,0.0010244691117249215,0.024000000000000014,0.025000000000000015,0.0010000000000000009,1.0,12,0.95,0.0,0.0,0.0,0.0,0.06696164408087328,0.0
npc:i63:e63,63,affect_only,weather,0.65,0.65,0.65,0.65,0.65,0.5513644582879772,0.5513644582879772,0.13920038955248665,0.1392009466402008,25,0.038461538461538464,4,0.2,0.0,0.0005941603554651607,0.0016191919858698127,0.0010250316304046521,0.025000000000000015,0.026000000000000016,0.0010000000000000009,0.0,14,0.65,0.65,0.65,0.5513644582879772,0.13920038955248665,0.1392009466402008,0.146160409030111
npc:i64:e64,64,structural_low,betrayal,0.03,0.03,0.03,0.03,0.03,0.011437857837816812,0.011437857837816812,0.0029078140585919324,0.0033525781138889236,13,0.07142857142857142,8,0.1111111111111111,1.0,0.0001424857370418924,0.0011555126005301994,0.001013026863488307,0.013000000000000005,0.014000000000000005,0.0010000000000000009,0.0,14,0.03,0.03,0.03,0.011437857837816812,0.0029078140585919324,0.0033525781138889236,0.002988586671330597
npc:i65:e65,65,combined,betrayal,0.55,0.55,0.55,0.55,0.55,0.24499484992327403,0.24499484992327403,0.06228434371112015,0.06272864412941177,14,0.06666666666666667,9,0.1,1.0,0.0006008665522757037,0.0016144559371111247,0.001013589384835421,0.014000000000000005,0.015000000000000006,0.0010000000000000009,0.0,14,0.55,0.55,0.55,0.24499484992327403,0.06228434371112015,0.06272864412941177,0.06384145230389815
npc:i66:e66,66,no_payload_structural,threat,0,0.0,0.0,0.0,0.0,0.0,0.0,0.0,0.00046943695899718293,12,0.07692307692307693,4,0.2,1.0,1.2098867361320158e-06,0.0010133544111422706,0.0010121445244061385,0.012000000000000004,0.013000000000000005,0.0010000000000000009,0.0,2,0,0.0,0.0,0.0,0.0,0.00046943695899718293,0.0
npc:i67:e67,67,joy_decoy,weather,0.95,0.95,0.0,0.0,0.0,0.0,0.0,0.0,0.06696164413489025,26,0.037037037037037035,13,0.07142857142857142,0.0,0.00011838910030957499,0.0011449615960998126,0.0010265724957902378,0.026000000000000016,0.027000000000000017,0.0010000000000000009,1.0,12,0.95,0.0,0.0,0.0,0.0,0.06696164413489025,0.0
npc:i68:e68,68,affect_only,weather,0.65,0.65,0.65,0.65,0.65,0.5782758230861178,0.5782758230861178,0.20945014615254312,0.20945120986477814,27,0.03571428571428571,4,0.2,0.0,0.0005953800299719026,0.0016225173577931041,0.0010271373278212016,0.027000000000000017,0.028000000000000018,0.0010000000000000009,0.0,13,0.65,0.65,0.65,0.5782758230861178,0.20945014615254312,0.20945120986477814,0.2199226534601703
npc:i69:e69,69,structural_low,threat,0.03,0.03,0.03,0.03,0.03,0.012233585665334834,0.012233585665334834,0.004445213127846137,0.004873133572033909,13,0.07142857142857142,8,0.1111111111111111,1.0,0.0001424857370418924,0.0011555126005301994,0.001013026863488307,0.013000000000000005,0.014000000000000005,0.0010000000000000009,0.0,13,0.03,0.03,0.03,0.012233585665334834,0.004445213127846137,0.004873133572033909,0.004568691270286307
npc:i70:e70,70,combined,threat,0.55,0.55,0.55,0.55,0.55,0.2640963813037426,0.2640963813037426,0.09596243761259719,0.09638941085604393,14,0.06666666666666667,9,0.1,1.0,0.0006008665522757037,0.0016144559371111247,0.001013589384835421,0.014000000000000005,0.015000000000000006,0.0010000000000000009,0.0,13,0.55,0.55,0.55,0.2640963813037426,0.09596243761259719,0.09638941085604393,0.09836149855291211
npc:i71:e71,71,no_payload_structural,respect,0,0.0,0.0,0.0,0.0,0.0,0.0,0.0,0.0004902454737143258,12,0.07692307692307693,4,0.2,1.0,1.2098867361320158e-06,0.0010133544111422706,0.0010121445244061385,0.012000000000000004,0.013000000000000005,0.0010000000000000009,0.0,2,0,0.0,0.0,0.0,0.0,0.0004902454737143258,0.0
npc:i72:e72,72,joy_decoy,weather,0.95,0.95,0.0,0.0,0.0,0.0,0.0,0.0,0.06696164418933612,28,0.034482758620689655,14,0.06666666666666667,0.0,0.00011863223873517788,0.0011473167734689905,0.0010286845347338125,0.028000000000000018,0.02900000000000002,0.0010000000000000009,1.0,12,0.95,0.0,0.0,0.0,0.0,0.06696164418933612,0.0
npc:i73:e73,73,affect_only,weather,0.65,0.65,0.65,0.65,0.65,0.46547413609252103,0.46547413609252103,0.10294246687025342,0.10294624016761462,29,0.03333333333333333,4,0.2,0.0,0.0005966047222038751,0.001625856416619732,0.001029251694415857,0.02900000000000002,0.03000000000000002,0.0010000000000000009,0.0,13,0.65,0.65,0.65,0.46547413609252103,0.10294246687025342,0.10294624016761462,0.1080895902137661
npc:i74:e74,74,structural_low,respect,0.03,0.03,0.03,0.03,0.03,0.009317661776390374,0.009317661776390374,0.002074072199765166,0.002562597278042596,13,0.07142857142857142,8,0.1111111111111111,1.0,0.0001424857370418924,0.0011555126005301994,0.001013026863488307,0.013000000000000005,0.014000000000000005,0.0010000000000000009,0.0,13,0.03,0.03,0.03,0.009317661776390374,0.002074072199765166,0.002562597278042596,0.002131685316425309
npc:i75:e75,75,combined,respect,0.55,0.55,0.55,0.55,0.55,0.19644315843626436,0.19644315843626436,0.04372741826485993,0.04422033592887193,14,0.06666666666666667,9,0.1,1.0,0.0006008665522757037,0.0016144559371111247,0.001013589384835421,0.014000000000000005,0.015000000000000006,0.0010000000000000009,0.0,13,0.55,0.55,0.55,0.19644315843626436,0.04372741826485993,0.04422033592887193,0.044820603721481424
npc:i76:e76,76,no_payload_structural,betrayal,0,0.0,0.0,0.0,0.0,0.0,0.0,0.0,0.00047690513669918313,15,0.0625,5,0.16666666666666666,1.0,1.213564815003751e-06,0.0010164407591654462,0.0010152271943504425,0.015000000000000006,0.016000000000000007,0.0010000000000000009,0.0,2,0,0.0,0.0,0.0,0.0,0.00047690513669918313,0.0
npc:i77:e77,77,joy_decoy,weather,0.95,0.95,0.0,0.0,0.0,0.0,0.0,0.0,0.06696164420694929,30,0.03225806451612903,15,0.0625,0.0,0.00011887637789459499,0.0011496816599792406,0.0010308052820846457,0.03000000000000002,0.03100000000000002,0.0010000000000000009,1.0,12,0.95,0.0,0.0,0.0,0.0,0.06696164420694929,0.0
npc:i78:e78,78,affect_only,weather,0.65,0.65,0.65,0.65,0.65,0.5513644337781484,0.5513644337781484,0.13920038263632564,0.13920094320493304,31,0.03125,5,0.16666666666666666,0.0,0.0005978344631892051,0.0016292092470249241,0.001031374783835719,0.03100000000000002,0.03200000000000002,0.0010000000000000009,0.0,14,0.65,0.65,0.65,0.5513644337781484,0.13920038263632564,0.13920094320493304,0.1450003985795059
npc:i79:e79,79,structural_low,betrayal,0.03,0.03,0.03,0.03,0.03,0.011437857489400183,0.011437857489400183,0.0029078139700149355,0.0033534477918909125,16,0.058823529411764705,10,0.09090909090909091,1.0,0.00014291970226473506,0.0011590346212664996,0.0010161149190017645,0.016000000000000007,0.017000000000000008,0.0010000000000000009,0.0,14,0.03,0.03,0.03,0.011437857489400183,0.0029078139700149355,0.0033534477918909125,0.0029739006511516385
npc:i80:e80,80,combined,betrayal,0.55,0.55,0.55,0.55,0.55,0.244994844470786,0.244994844470786,0.06228434232494963,0.062729513129099,17,0.05555555555555555,11,0.08333333333333333,1.0,0.0006026980030585798,0.0016193788799628954,0.0010166808769043155,0.017000000000000008,0.01800000000000001,0.0010000000000000009,0.0,14,0.55,0.55,0.55,0.244994844470786,0.06228434232494963,0.062729513129099,0.06358193279005274
npc:i81:e81,81,no_payload_structural,threat,0,0.0,0.0,0.0,0.0,0.0,0.0,0.0,0.00047048568423408473,15,0.0625,5,0.16666666666666666,1.0,1.213564815003751e-06,0.0010164407591654462,0.0010152271943504425,0.015000000000000006,0.016000000000000007,0.0010000000000000009,0.0,2,0,0.0,0.0,0.0,0.0,0.00047048568423408473,0.0
npc:i82:e82,82,joy_decoy,weather,0.95,0.95,0.0,0.0,0.0,0.0,0.0,0.0,0.06696164426212249,32,0.030303030303030304,16,0.058823529411764705,0.0,0.00011912152397895388,0.0011520563157930259,0.001032934791814072,0.03200000000000002,0.03300000000000002,0.0010000000000000009,1.0,12,0.95,0.0,0.0,0.0,0.0,0.06696164426212249,0.0
npc:i83:e83,83,affect_only,weather,0.65,0.65,0.65,0.65,0.65,0.5782758185694418,0.5782758185694418,0.20945014451693159,0.20945121486456414,33,0.029411764705882353,5,0.16666666666666666,0.0,0.0005990692842123735,0.0016325759343838197,0.0010335066501714462,0.03300000000000002,0.03400000000000002,0.0010000000000000009,0.0,13,0.65,0.65,0.65,0.5782758185694418,0.20945014451693159,0.20945121486456414,0.21817723387180374
npc:i84:e84,84,structural_low,threat,0.03,0.03,0.03,0.03,0.03,0.012233585602587804,0.012233585602587804,0.004445213105046284,0.004874144625606862,16,0.058823529411764705,10,0.09090909090909091,1.0,0.00014291970226473506,0.0011590346212664996,0.0010161149190017645,0.016000000000000007,0.017000000000000008,0.0010000000000000009,0.0,13,0.03,0.03,0.03,0.012233585602587804,0.004445213105046284,0.004874144625606862,0.0045462406756155175
npc:i85:e85,85,combined,threat,0.55,0.55,0.55,0.55,0.55,0.26409638034411,0.26409638034411,0.09596243726390376,0.09639042986751915,17,0.05555555555555555,11,0.08333333333333333,1.0,0.0006026980030585798,0.0016193788799628954,0.0010166808769043155,0.017000000000000008,0.01800000000000001,0.0010000000000000009,0.0,13,0.55,0.55,0.55,0.26409638034411,0.09596243726390376,0.09639042986751915,0.09796165470690174
npc:i86:e86,86,no_payload_structural,respect,0,0.0,0.0,0.0,0.0,0.0,0.0,0.0,0.0004910817298778345,15,0.0625,5,0.16666666666666666,1.0,1.213564815003751e-06,0.0010164407591654462,0.0010152271943504425,0.015000000000000006,0.016000000000000007,0.0010000000000000009,0.0,2,0,0.0,0.0,0.0,0.0,0.0004910817298778345,0.0
npc:i87:e87,87,joy_decoy,weather,0.95,0.95,0.0,0.0,0.0,0.0,0.0,0.0,0.06696164431773592,34,0.02857142857142857,17,0.05555555555555555,0.0,0.00011936768323055689,0.001154440801570899,0.001035073118340342,0.03400000000000002,0.035000000000000024,0.0010000000000000009,1.0,12,0.95,0.0,0.0,0.0,0.0,0.06696164431773592,0.0
npc:i88:e88,88,affect_only,weather,0.65,0.65,0.65,0.65,0.65,0.4654734902687115,0.4654734902687115,0.10294232556623098,0.10294612240088015,35,0.027777777777777776,5,0.16666666666666666,0.0,0.0006003092168168675,0.0016359565647787162,0.0010356473479618488,0.035000000000000024,0.036000000000000025,0.0010000000000000009,0.0,13,0.65,0.65,0.65,0.4654734902687115,0.10294232556623098,0.10294612240088015,0.10723158913149061
npc:i89:e89,89,structural_low,respect,0.03,0.03,0.03,0.03,0.03,0.009317652178455038,0.009317652178455038,0.0020740700633052494,0.0025634170022525936,16,0.058823529411764705,10,0.09090909090909091,1.0,0.00014291970226473506,0.0011590346212664996,0.0010161149190017645,0.016000000000000007,0.017000000000000008,0.0010000000000000009,0.0,13,0.03,0.03,0.03,0.009317652178455038,0.0020740700633052494,0.0025634170022525936,0.0021212080192894596
npc:i90:e90,90,combined,respect,0.55,0.55,0.55,0.55,0.55,0.19644300140764281,0.19644300140764281,0.04372738331095129,0.04422115245767289,17,0.05555555555555555,11,0.08333333333333333,1.0,0.0006026980030585798,0.0016193788799628954,0.0010166808769043155,0.017000000000000008,0.01800000000000001,0.0010000000000000009,0.0,13,0.55,0.55,0.55,0.19644300140764281,0.04372738331095129,0.04422115245767289,0.04463837046326277
npc:i91:e91,91,no_payload_structural,betrayal,0,0.0,0.0,0.0,0.0,0.0,0.0,0.0,0.0004779086320652468,18,0.05263157894736842,6,0.14285714285714285,1.0,1.2172653249364493e-06,0.001019545964647417,0.0010183286993224806,0.01800000000000001,0.01900000000000001,0.0010000000000000009,0.0,2,0,0.0,0.0,0.0,0.0,0.0004779086320652468,0.0
npc:i92:e92,92,joy_decoy,weather,0.95,0.95,0.0,0.0,0.0,0.0,0.0,0.0,0.06696164433596624,36,0.02702702702702703,18,0.05263157894736842,0.0,0.000119614861943411,0.0011568351784766657,0.0010372203165332546,0.036000000000000025,0.037000000000000026,0.0010000000000000009,1.0,12,0.95,0.0,0.0,0.0,0.0,0.06696164433596624,0.0
npc:i93:e93,93,affect_only,weather,0.65,0.65,0.65,0.65,0.65,0.5513644332278063,0.5513644332278063,0.13920038246542477,0.13920094658329962,37,0.02631578947368421,6,0.14285714285714285,0.0,0.0006015542928078662,0.0016393512250064053,0.001037796932198539,0.037000000000000026,0.03800000000000003,0.0010000000000000009,0.0,14,0.65,0.65,0.65,0.5513644332278063,0.13920038246542477,0.13920094658329962,0.1441718246963328
npc:i94:e94,94,structural_low,betrayal,0.03,0.03,0.03,0.03,0.03,0.011437857481576774,0.011437857481576774,0.0029078139680260356,0.003354322783688809,19,0.05,12,0.07692307692307693,1.0,0.00014335631899714402,0.0011625781779991868,0.0010192218590020427,0.01900000000000001,0.02000000000000001,0.0010000000000000009,0.0,14,0.03,0.03,0.03,0.011437857481576774,0.0029078139680260356,0.003354322783688809,0.0029637334674111515
npc:i95:e95,95,combined,betrayal,0.55,0.55,0.55,0.55,0.55,0.24499484434835617,0.24499484434835617,0.062284342293824624,0.06273038881432831,20,0.047619047619047616,13,0.07142857142857142,1.0,0.0006045406525595772,0.0016243319376079866,0.0010197912850484093,0.02000000000000001,0.02100000000000001,0.0010000000000000009,0.0,14,0.55,0.55,0.55,0.24499484434835617,0.062284342293824624,0.06273038881432831,0.06339656269192863
npc:i96:e96,96,no_payload_structural,threat,0,0.0,0.0,0.0,0.0,0.0,0.0,0.0,0.0004715408695981474,18,0.05263157894736842,6,0.14285714285714285,1.0,1.2172653249364493e-06,0.001019545964647417,0.0010183286993224806,0.01800000000000001,0.01900000000000001,0.0010000000000000009,0.0,2,0,0.0,0.0,0.0,0.0,0.0004715408695981474,0.0
npc:i97:e97,97,joy_decoy,weather,0.95,0.95,0.0,0.0,0.0,0.0,0.0,0.0,0.06696164439232742,38,0.02564102564102564,19,0.05,0.0,0.00011986306646376433,0.001159239508182618,0.0010393764417188536,0.03800000000000003,0.03900000000000003,0.0010000000000000009,1.0,12,0.95,0.0,0.0,0.0,0.0,0.06696164439232742,0.0
npc:i98:e98,98,affect_only,weather,0.65,0.65,0.65,0.65,0.65,0.5782758184976048,0.5782758184976048,0.20945014449090513,0.20945122155723064,39,0.025,6,0.14285714285714285,0.0,0.0006028045442549614,0.0016427600025856024,0.001039955458330641,0.03900000000000003,0.04000000000000003,0.0010000000000000009,0.0,13,0.65,0.65,0.65,0.5782758184976048,0.20945014449090513,0.20945122155723064,0.21693050679415177
npc:i99:e99,99,structural_low,threat,0.03,0.03,0.03,0.03,0.03,0.012233585601589825,0.012233585601589825,0.004445213104683673,0.004875161777475114,19,0.05,12,0.07692307692307693,1.0,0.00014335631899714402,0.0011625781779991868,0.0010192218590020427,0.01900000000000001,0.02000000000000001,0.0010000000000000009,0.0,13,0.03,0.03,0.03,0.012233585601589825,0.004445213104683673,0.004875161777475114,0.0045306979720814355
npc:i100:e100,100,combined,threat,0.55,0.55,0.55,0.55,0.55,0.2640963803288472,0.2640963803288472,0.09596243725835782,0.09639145546055668,20,0.047619047619047616,13,0.07142857142857142,1.0,0.0006045406525595772,0.0016243319376079866,0.0010197912850484093,0.02000000000000001,0.02100000000000001,0.0010000000000000009,0.0,13,0.55,0.55,0.55,0.2640963803288472,0.09596243725835782,0.09639145546055668,0.09767605220939991
npc:i101:e101,101,no_payload_structural,respect,0,0.0,0.0,0.0,0.0,0.0,0.0,0.0,0.0004919230957973818,18,0.05263157894736842,6,0.14285714285714285,1.0,1.2172653249364493e-06,0.001019545964647417,0.0010183286993224806,0.01800000000000001,0.01900000000000001,0.0010000000000000009,0.0,2,0,0.0,0.0,0.0,0.0,0.0004919230957973818,0.0
npc:i102:e102,102,joy_decoy,weather,0.95,0.95,0.0,0.0,0.0,0.0,0.0,0.0,0.06696164444914054,40,0.024390243902439025,20,0.047619047619047616,0.0,0.00012011230319064934,0.0011616538528748269,0.0010415415496841775,0.04000000000000003,0.04100000000000003,0.0010000000000000009,1.0,12,0.95,0.0,0.0,0.0,0.0,0.06696164444914054,0.0
npc:i103:e103,103,affect_only,weather,0.65,0.65,0.65,0.65,0.65,0.46547346202096845,0.46547346202096845,0.10294231938575278,0.10294614004298511,41,0.023809523809523808,6,0.14285714285714285,0.0,0.00060406000349491,0.0016461829857644678,0.0010421229822695577,0.04100000000000003,0.04200000000000003,0.0010000000000000009,0.0,13,0.65,0.65,0.65,0.46547346202096845,0.10294231938575278,0.10294614004298511,0.10661883079238682
npc:i104:e104,104,structural_low,respect,0.03,0.03,0.03,0.03,0.03,0.00931765175865007,0.00931765175865007,0.0020740699698584305,0.002564243615234526,19,0.05,12,0.07692307692307693,1.0,0.00014335631899714402,0.0011625781779991868,0.0010192218590020427,0.01900000000000001,0.02000000000000001,0.0010000000000000009,0.0,13,0.03,0.03,0.03,0.00931765175865007,0.0020740699698584305,0.002564243615234526,0.0021139559308172465
npc:i105:e105,105,combined,respect,0.55,0.55,0.55,0.55,0.55,0.19644299453935454,0.19644299453935454,0.043727381782099305,0.044222007621577776,20,0.047619047619047616,13,0.07142857142857142,1.0,0.0006045406525595772,0.0016243319376079866,0.0010197912850484093,0.02000000000000001,0.02100000000000001,0.0010000000000000009,0.0,13,0.55,0.55,0.55,0.19644299453935454,0.043727381782099305,0.044222007621577776,0.044508227885351075
npc:i106:e106,106,no_payload_structural,betrayal,0,0.0,0.0,0.0,0.0,0.0,0.0,0.0,0.0004789183494972063,21,0.045454545454545456,7,0.125,1.0,1.2209884717542704e-06,0.0010226702009452262,0.001021449212473472,0.02100000000000001,0.022000000000000013,0.0010000000000000009,0.0,2,0,0.0,0.0,0.0,0.0,0.0004789183494972063,0.0
npc:i107:e107,107,joy_decoy,weather,0.95,0.95,0.0,0.0,0.0,0.0,0.0,0.0,0.06696164446800947,42,0.023255813953488372,21,0.045454545454545456,0.0,0.00012036257857643256,0.0011640782752585042,0.0010437156966820716,0.04200000000000003,0.04300000000000003,0.0010000000000000009,1.0,12,0.95,0.0,0.0,0.0,0.0,0.06696164446800947,0.0
npc:i108:e108,108,affect_only,weather,0.65,0.65,0.65,0.65,0.65,0.551364433215449,0.551364433215449,0.13920038246090477,0.13920095017435236,43,0.022727272727272728,7,0.125,0.0,0.0006053207031344222,0.001649620263528222,0.0010442995603937998,0.04300000000000003,0.04400000000000003,0.0010000000000000009,0.0,14,0.65,0.65,0.65,0.551364433215449,0.13920038246090477,0.13920095017435236,0.14355039441280804
npc:i109:e109,109,structural_low,betrayal,0.03,0.03,0.03,0.03,0.03,0.011437857481401137,0.011437857481401137,0.002907813967981373,0.003355203050522876,22,0.043478260869565216,14,0.06666666666666667,1.0,0.00014379561161450638,0.0011661434688623453,0.001022347857247839,0.022000000000000013,0.023000000000000013,0.0010000000000000009,0.0,14,0.03,0.03,0.03,0.011437857481401137,0.002907813967981373,0.003355203050522876,0.0029562775341143957
npc:i110:e110,110,combined,betrayal,0.55,0.55,0.55,0.55,0.55,0.24499484434560714,0.24499484434560714,0.062284342293125745,0.06273126990960434,23,0.041666666666666664,15,0.0625,1.0,0.0006063946038084196,0.001629315387223151,0.0010229207834147314,0.023000000000000013,0.024000000000000014,0.0010000000000000009,0.0,14,0.55,0.55,0.55,0.24499484434560714,0.062284342293125745,0.06273126990960434,0.06325753514145584
npc:i111:e111,111,no_payload_structural,threat,0,0.0,0.0,0.0,0.0,0.0,0.0,0.0,0.0004726025746054309,21,0.045454545454545456,7,0.125,1.0,1.2209884717542704e-06,0.0010226702009452262,0.001021449212473472,0.02100000000000001,0.022000000000000013,0.0010000000000000009,0.0,2,0,0.0,0.0,0.0,0.0,0.0004726025746054309,0.0
npc:i112:e112,112,joy_decoy,weather,0.95,0.95,0.0,0.0,0.0,0.0,0.0,0.0,0.0669616445255914,44,0.022222222222222223,22,0.043478260869565216,0.0,0.00012061389912737166,0.001166512838563432,0.0010458989394360604,0.04400000000000003,0.04500000000000003,0.0010000000000000009,1.0,12,0.95,0.0,0.0,0.0,0.0,0.0669616445255914,0.0
npc:i113:e113,113,affect_only,weather,0.65,0.65,0.65,0.65,0.65,0.5782758184964621,0.5782758184964621,0.2094501444904909,0.20945122836038724,45,0.021739130434782608,7,0.125,0.0,0.0006065866760529846,0.0016530719256068567,0.0010464852495538721,0.04500000000000003,0.046000000000000034,0.0010000000000000009,0.0,13,0.65,0.65,0.65,0.5782758184964621,0.2094501444904909,0.20945122836038724,0.21599546150581875
npc:i114:e114,114,structural_low,threat,0.03,0.03,0.03,0.03,0.03,0.012233585601573949,0.012233585601573949,0.004445213104677872,0.004876185059391951,22,0.043478260869565216,14,0.06666666666666667,1.0,0.00014379561161450638,0.0011661434688623453,0.001022347857247839,0.022000000000000013,0.023000000000000013,0.0010000000000000009,0.0,13,0.03,0.03,0.03,0.012233585601573949,0.004445213104677872,0.004876185059391951,0.004519299989755836
npc:i115:e115,115,combined,threat,0.55,0.55,0.55,0.55,0.55,0.2640963803286045,0.2640963803286045,0.09596243725826965,0.09639248735491117,23,0.041666666666666664,15,0.0625,1.0,0.0006063946038084196,0.001629315387223151,0.0010229207834147314,0.023000000000000013,0.024000000000000014,0.0010000000000000009,0.0,13,0.55,0.55,0.55,0.2640963803286045,0.09596243725826965,0.09639248735491117,0.09746185034043012
npc:i116:e116,116,no_payload_structural,respect,0,0.0,0.0,0.0,0.0,0.0,0.0,0.0,0.0004927696184480456,21,0.045454545454545456,7,0.125,1.0,1.2209884717542704e-06,0.0010226702009452262,0.001021449212473472,0.02100000000000001,0.022000000000000013,0.0010000000000000009,0.0,2,0,0.0,0.0,0.0,0.0,0.0004927696184480456,0.0
npc:i117:e117,117,joy_decoy,weather,0.95,0.95,0.0,0.0,0.0,0.0,0.0,0.0,0.06696164458363742,46,0.02127659574468085,23,0.041666666666666664,0.0,0.00012086627140417903,0.0011689576065494584,0.0010480913351452795,0.046000000000000034,0.047000000000000035,0.0010000000000000009,1.0,12,0.95,0.0,0.0,0.0,0.0,0.06696164458363742,0.0
npc:i118:e118,118,affect_only,weather,0.65,0.65,0.65,0.65,0.65,0.4654734607854381,0.4654734607854381,0.10294231911542484,0.102946163895617,47,0.020833333333333332,7,0.125,0.0,0.0006078579554057184,0.001656538062482943,0.0010486801070772247,0.047000000000000035,0.048000000000000036,0.0010000000000000009,0.0,13,0.65,0.65,0.65,0.4654734607854381,0.10294231911542484,0.102946163895617,0.10615926658778187
npc:i119:e119,119,structural_low,respect,0.03,0.03,0.03,0.03,0.03,0.009317651740288202,0.009317651740288202,0.002074069965771156,0.0025650752051307947,22,0.043478260869565216,14,0.06666666666666667,1.0,0.00014379561161450638,0.0011661434688623453,0.001022347857247839,0.022000000000000013,0.023000000000000013,0.0010000000000000009,0.0,13,0.03,0.03,0.03,0.009317651740288202,0.002074069965771156,0.0025650752051307947,0.0021086377985340085
npc:i120:e120,120,combined,respect,0.55,0.55,0.55,0.55,0.55,0.19644299423894185,0.19644299423894185,0.043727381715228685,0.04422286950547899,23,0.041666666666666664,15,0.0625,1.0,0.0006063946038084196,0.001629315387223151,0.0010229207834147314,0.023000000000000013,0.024000000000000014,0.0010000000000000009,0.0,13,0.55,0.55,0.55,0.19644299423894185,0.043727381715228685,0.04422286950547899,0.044410622054529135
npc:i121:e121,121,no_payload_structural,betrayal,0,0.0,0.0,0.0,0.0,0.0,0.0,0.0,0.00047993434657661696,24,0.04,8,0.1111111111111111,1.0,1.224734463807252e-06,0.0010258136435473493,0.001024588909083542,0.024000000000000014,0.025000000000000015,0.0010000000000000009,0.0,2,0,0.0,0.0,0.0,0.0,0.00047993434657661696,0.0
npc:i122:e122,122,joy_decoy,weather,0.95,0.95,0.0,0.0,0.0,0.0,0.0,0.0,0.06696164460316725,48,0.02040816326530612,24,0.04,0.0,0.00012111970202259288,0.001171412643512066,0.0010502929414894732,0.048000000000000036,0.04900000000000004,0.0010000000000000009,1.0,12,0.95,0.0,0.0,0.0,0.0,0.06696164460316725,0.0
npc:i123:e123,123,affect_only,weather,0.65,0.65,0.65,0.65,0.65,0.5513644332151716,0.5513644332151716,0.13920038246077343,0.1392009538159572,49,0.02,8,0.1111111111111111,0.0,0.0006091345746262744,0.001660018765399539,0.0010508841907732646,0.04900000000000004,0.05000000000000004,0.0010000000000000009,0.0,14,0.65,0.65,0.65,0.5513644332151716,0.13920038246077343,0.1392009538159572,0.14306705975135045
npc:i124:e124,124,structural_low,betrayal,0.03,0.03,0.03,0.03,0.03,0.011437857481397251,0.011437857481397251,0.0029078139679803647,0.0033560886367526572,25,0.038461538461538464,16,0.058823529411764705,1.0,0.0001442376047919057,0.0011697306944280176,0.0010254930896361118,0.025000000000000015,0.026000000000000016,0.0010000000000000009,0.0,14,0.03,0.03,0.03,0.011437857481397251,0.0029078139679803647,0.0033560886367526572,0.0029505759380977228
npc:i125:e125,125,combined,betrayal,0.55,0.55,0.55,0.55,0.55,0.24499484434554542,0.24499484434554542,0.06228434229311009,0.06273215643490813,26,0.037037037037037035,17,0.05555555555555555,1.0,0.0006082599611025692,0.001634329509397126,0.0010260695482945568,0.026000000000000016,0.027000000000000017,0.0010000000000000009,0.0,14,0.55,0.55,0.55,0.24499484434554542,0.06228434229311009,0.06273215643490813,0.06314940260273662
npc:i126:e126,126,no_payload_structural,threat,0,0.0,0.0,0.0,0.0,0.0,0.0,0.0,0.0004736708595041543,24,0.04,8,0.1111111111111111,1.0,1.224734463807252e-06,0.0010258136435473493,0.001024588909083542,0.024000000000000014,0.025000000000000015,0.0010000000000000009,0.0,2,0,0.0,0.0,0.0,0.0,0.0004736708595041543,0.0
npc:i127:e127,127,joy_decoy,weather,0.95,0.95,0.0,0.0,0.0,0.0,0.0,0.0,0.06696164466200391,50,0.0196078431372549,25,0.038461538461538464,0.0,0.00012137419765395517,0.0011738780142880048,0.0010525038166340497,0.05000000000000004,0.05100000000000004,0.0010000000000000009,1.0,12,0.95,0.0,0.0,0.0,0.0,0.06696164466200391,0.0
npc:i128:e128,128,affect_only,weather,0.65,0.65,0.65,0.65,0.65,0.578275818496444,0.578275818496444,0.20945014449048432,0.20945123525044787,51,0.019230769230769232,8,0.1111111111111111,0.0,0.0006104165674297625,0.0016635141263681937,0.0010530975589384314,0.05100000000000004,0.05200000000000004,0.0010000000000000009,0.0,13,0.65,0.65,0.65,0.578275818496444,0.20945014449048432,0.20945123525044787,0.21526820405966443
npc:i129:e129,129,structural_low,threat,0.03,0.03,0.03,0.03,0.03,0.012233585601573727,0.012233585601573727,0.00444521310467779,0.00487721452543115,25,0.038461538461538464,16,0.058823529411764705,1.0,0.0001442376047919057,0.0011697306944280176,0.0010254930896361118,0.025000000000000015,0.026000000000000016,0.0010000000000000009,0.0,13,0.03,0.03,0.03,0.012233585601573727,0.00444521310467779,0.00487721452543115,0.004510583885628933
npc:i130:e130,130,combined,threat,0.55,0.55,0.55,0.55,0.55,0.2640963803286006,0.2640963803286006,0.09596243725826827,0.09639352560336296,26,0.037037037037037035,17,0.05555555555555555,1.0,0.0006082599611025692,0.001634329509397126,0.0010260695482945568,0.026000000000000016,0.027000000000000017,0.0010000000000000009,0.0,13,0.55,0.55,0.55,0.2640963803286006,0.09596243725826827,0.09639352560336296,0.09729524888685533
npc:i131:e131,131,no_payload_structural,respect,0,0.0,0.0,0.0,0.0,0.0,0.0,0.0,0.0004936213453824843,24,0.04,8,0.1111111111111111,1.0,1.224734463807252e-06,0.0010258136435473493,0.001024588909083542,0.024000000000000014,0.025000000000000015,0.0010000000000000009,0.0,2,0,0.0,0.0,0.0,0.0,0.0004936213453824843,0.0
npc:i132:e132,132,joy_decoy,weather,0.95,0.95,0.0,0.0,0.0,0.0,0.0,0.0,0.06696164472131712,52,0.018867924528301886,26,0.037037037037037035,0.0,0.00012162976502579709,0.001176353784261003,0.0010547240192352058,0.05200000000000004,0.05300000000000004,0.0010000000000000009,1.0,12,0.95,0.0,0.0,0.0,0.0,0.06696164472131712,0.0
npc:i133:e133,133,affect_only,weather,0.65,0.65,0.65,0.65,0.65,0.46547346073139706,0.46547346073139706,0.10294231910360094,0.10294618831328141,53,0.018518518518518517,8,0.1111111111111111,0.0,0.0006117039678157216,0.0016670242381770575,0.001055320270361336,0.05300000000000004,0.05400000000000004,0.0010000000000000009,0.0,13,0.65,0.65,0.65,0.46547346073139706,0.10294231910360094,0.10294618831328141,0.10580182796758984
npc:i134:e134,134,structural_low,respect,0.03,0.03,0.03,0.03,0.03,0.009317651739485067,0.009317651739485067,0.0020740699655923895,0.0025659117283557634,25,0.038461538461538464,16,0.058823529411764705,1.0,0.0001442376047919057,0.0011697306944280176,0.0010254930896361118,0.025000000000000015,0.026000000000000016,0.0010000000000000009,0.0,13,0.03,0.03,0.03,0.009317651739485067,0.0020740699655923895,0.0025659117283557634,0.0021045709944981597
npc:i135:e135,135,combined,respect,0.55,0.55,0.55,0.55,0.55,0.19644299422580203,0.19644299422580203,0.04372738171230383,0.04422373675989726,26,0.037037037037037035,17,0.05555555555555555,1.0,0.0006082599611025692,0.001634329509397126,0.0010260695482945568,0.026000000000000016,0.027000000000000017,0.0010000000000000009,0.0,13,0.55,0.55,0.55,0.19644299422580203,0.04372738171230383,0.04422373675989726,0.044334706458308046
npc:i136:e136,136,no_payload_structural,betrayal,0,0.0,0.0,0.0,0.0,0.0,0.0,0.0,0.0004809566815959808,27,0.03571428571428571,9,0.1,1.0,1.2285035120101744e-06,0.0010289764701065516,0.0010277479665945415,0.027000000000000017,0.028000000000000018,0.0010000000000000009,0.0,2,0,0.0,0.0,0.0,0.0,0.0004809566815959808,0.0
npc:i137:e137,137,joy_decoy,weather,0.95,0.95,0.0,0.0,0.0,0.0,0.0,0.0,0.06696164474153102,54,0.01818181818181818,27,0.03571428571428571,0.0,0.00012188641092243187,0.0011788400193675464,0.0010569536084451146,0.05400000000000004,0.05500000000000004,0.0010000000000000009,1.0,12,0.95,0.0,0.0,0.0,0.0,0.06696164474153102,0.0
npc:i138:e138,138,affect_only,weather,0.65,0.65,0.65,0.65,0.65,0.5513644332151654,0.5513644332151654,0.13920038246076918,0.13920095750470063,55,0.017857142857142856,9,0.1,0.0,0.0006129968100711242,0.0016705491943990922,0.0010575523843279681,0.05500000000000004,0.05600000000000004,0.0010000000000000009,0.0,14,0.65,0.65,0.65,0.5513644332151654,0.13920038246076918,0.13920095750470063,0.1426803920222884
npc:i139:e139,139,structural_low,betrayal,0.03,0.03,0.03,0.03,0.03,0.01143785748139714,0.01143785748139714,0.0029078139679803647,0.0033569795890979787,28,0.034482758620689655,18,0.05263157894736842,1.0,0.00014468232350874202,0.0011733400577438164,0.0010286577342350743,0.028000000000000018,0.02900000000000002,0.0010000000000000009,0.0,14,0.03,0.03,0.03,0.01143785748139714,0.0029078139679803647,0.0033569795890979787,0.0029460746780853695
npc:i140:e140,140,combined,betrayal,0.55,0.55,0.55,0.55,0.55,0.24499484434554397,0.24499484434554397,0.0622843422931097,0.06273304843991045,29,0.03333333333333333,19,0.05,1.0,0.0006101368300267846,0.0016393745881832977,0.0010292377581565132,0.02900000000000002,0.03000000000000002,0.0010000000000000009,0.0,14,0.55,0.55,0.55,0.24499484434554397,0.0622843422931097,0.06273304843991045,0.06306289657177357
npc:i141:e141,141,no_payload_structural,threat,0,0.0,0.0,0.0,0.0,0.0,0.0,0.0,0.0004747457852859847,27,0.03571428571428571,9,0.1,1.0,1.2285035120101744e-06,0.0010289764701065516,0.0010277479665945415,0.027000000000000017,0.028000000000000018,0.0010000000000000009,0.0,2,0,0.0,0.0,0.0,0.0,0.0004747457852859847,0.0
npc:i142:e142,142,joy_decoy,weather,0.95,0.95,0.0,0.0,0.0,0.0,0.0,0.0,0.06696164480165745,56,0.017543859649122806,28,0.034482758620689655,0.0,0.00012214414218555513,0.0011813367861027327,0.0010591926439171774,0.05600000000000004,0.057000000000000044,0.0010000000000000009,1.0,12,0.95,0.0,0.0,0.0,0.0,0.06696164480165745,0.0
npc:i143:e143,143,affect_only,weather,0.65,0.65,0.65,0.65,0.65,0.5782758184964437,0.5782758184964437,0.2094501444904842,0.20945124222867129,57,0.017241379310344827,9,0.1,0.0,0.000614295128773421,0.0016740890894003857,0.0010597939606269645,0.057000000000000044,0.058000000000000045,0.0010000000000000009,0.0,13,0.65,0.65,0.65,0.5782758184964437,0.2094501444904842,0.20945124222867129,0.2146863981027463
npc:i144:e144,144,structural_low,threat,0.03,0.03,0.03,0.03,0.03,0.012233585601573616,0.012233585601573616,0.004445213104677768,0.004878250230629912,28,0.034482758620689655,18,0.05263157894736842,1.0,0.00014468232350874202,0.0011733400577438164,0.0010286577342350743,0.028000000000000018,0.02900000000000002,0.0010000000000000009,0.0,13,0.03,0.03,0.03,0.012233585601573616,0.004445213104677768,0.004878250230629912,0.004503702750791949
npc:i145:e145,145,combined,threat,0.55,0.55,0.55,0.55,0.55,0.2640963803286006,0.2640963803286006,0.09596243725826824,0.09639457026469628,29,0.03333333333333333,19,0.05,1.0,0.0006101368300267846,0.0016393745881832977,0.0010292377581565132,0.02900000000000002,0.03000000000000002,0.0010000000000000009,0.0,13,0.55,0.55,0.55,0.2640963803286006,0.09596243725826824,0.09639457026469628,0.09716196772399659
npc:i146:e146,146,no_payload_structural,respect,0,0.0,0.0,0.0,0.0,0.0,0.0,0.0,0.0004944783247397969,27,0.03571428571428571,9,0.1,1.0,1.2285035120101744e-06,0.0010289764701065516,0.0010277479665945415,0.027000000000000017,0.028000000000000018,0.0010000000000000009,0.0,2,0,0.0,0.0,0.0,0.0,0.0004944783247397969,0.0
npc:i147:e147,147,joy_decoy,weather,0.95,0.95,0.0,0.0,0.0,0.0,0.0,0.0,0.06696164486227334,58,0.01694915254237288,29,0.03333333333333333,0.0,0.00012240296571485292,0.001183844151526197,0.0010614411858113442,0.058000000000000045,0.059000000000000045,0.0010000000000000009,1.0,12,0.95,0.0,0.0,0.0,0.0,0.06696164486227334,0.0
npc:i148:e148,148,affect_only,weather,0.65,0.65,0.65,0.65,0.65,0.4654734607290334,0.4654734607290334,0.10294231910308375,0.10294621305467995,59,0.016666666666666666,9,0.1,0.0,0.0006155989587936225,0.001677644018348572,0.0010620450595549497,0.059000000000000045,0.060000000000000046,0.0010000000000000009,0.0,13,0.65,0.65,0.65,0.4654734607290334,0.10294231910308375,0.10294621305467995,0.10551587708066083
npc:i149:e149,149,structural_low,respect,0.03,0.03,0.03,0.03,0.03,0.009317651739449984,0.009317651739449984,0.002074069965584588,0.0025667532234603927,28,0.034482758620689655,18,0.05263157894736842,1.0,0.00014468232350874202,0.0011733400577438164,0.0010286577342350743,0.028000000000000018,0.02900000000000002,0.0010000000000000009,0.0,13,0.03,0.03,0.03,0.009317651739449984,0.002074069965584588,0.0025667532234603927,0.0021013603598685955
npc:i150:e150,150,combined,respect,0.55,0.55,0.55,0.55,0.55,0.19644299422522737,0.19644299422522737,0.043727381712175904,0.04422460937283967,29,0.03333333333333333,19,0.05,1.0,0.0006101368300267846,0.0016393745881832977,0.0010292377581565132,0.02900000000000002,0.03000000000000002,0.0010000000000000009,0.0,13,0.55,0.55,0.55,0.19644299422522737,0.043727381712175904,0.04422460937283967,0.0442739739835781
npc:i151:e151,151,no_payload_structural,betrayal,0,0.0,0.0,0.0,0.0,0.0,0.0,0.0,0.0004819854135696629,30,0.03225806451612903,10,0.09090909090909091,1.0,1.2322958298821474e-06,0.0010321588604733573,0.0010309265646434751,0.03000000000000002,0.03100000000000002,0.0010000000000000009,0.0,2,0,0.0,0.0,0.0,0.0,0.0004819854135696629,0.0
npc:i152:e152,152,joy_decoy,weather,0.95,0.95,0.0,0.0,0.0,0.0,0.0,0.0,0.06696164488319536,60,0.01639344262295082,30,0.03225806451612903,0.0,0.00012266288846861714,0.0011863621832681197,0.0010636992947995025,0.060000000000000046,0.06100000000000005,0.0010000000000000009,1.0,12,0.95,0.0,0.0,0.0,0.0,0.06696164488319536,0.0
npc:i153:e153,153,affect_only,weather,0.65,0.65,0.65,0.65,0.65,0.5513644332151653,0.5513644332151653,0.13920038246076905,0.1392009612413736,61,0.016129032258064516,10,0.09090909090909091,0.0,0.0006169083352994222,0.001681214077221362,0.0010643057419219399,0.06100000000000005,0.06200000000000005,0.0010000000000000009,0.0,14,0.65,0.65,0.65,0.5513644332151653,0.13920038246076905,0.1392009612413736,0.1423640275166956
npc:i154:e154,154,structural_low,betrayal,0.03,0.03,0.03,0.03,0.03,0.01143785748139714,0.01143785748139714,0.002907813967980337,0.0033578759548314203,31,0.03125,20,0.047619047619047616,1.0,0.00014512979305343783,0.001176971764371237,0.0010318419713177991,0.03100000000000002,0.03200000000000002,0.0010000000000000009,0.0,14,0.03,0.03,0.03,0.01143785748139714,0.002907813967980337,0.0033578759548314203,0.0029424308009324837
npc:i155:e155,155,combined,betrayal,0.55,0.55,0.55,0.55,0.55,0.24499484434554397,0.24499484434554397,0.0622843422931097,0.0627339459755591,32,0.030303030303030304,21,0.045454545454545456,1.0,0.0006120253174730433,0.0016444509111533407,0.0010324255936802974,0.03200000000000002,0.03300000000000002,0.0010000000000000009,0.0,14,0.55,0.55,0.55,0.24499484434554397,0.0622843422931097,0.0627339459755591,0.06299211891007686
npc:i156:e156,156,no_payload_structural,threat,0,0.0,0.0,0.0,0.0,0.0,0.0,0.0,0.0004758274136975029,30,0.03225806451612903,10,0.09090909090909091,1.0,1.2322958298821474e-06,0.0010321588604733573,0.0010309265646434751,0.03000000000000002,0.03100000000000002,0.0010000000000000009,0.0,2,0,0.0,0.0,0.0,0.0,0.0004758274136975029,0.0
npc:i157:e157,157,joy_decoy,weather,0.95,0.95,0.0,0.0,0.0,0.0,0.0,0.0,0.06696164494464786,62,0.015873015873015872,31,0.03125,0.0,0.0001229239174643695,0.0011888909495352967,0.0010659670320709272,0.06200000000000005,0.06300000000000004,0.000999999999999994,1.0,12,0.95,0.0,0.0,0.0,0.0,0.06696164494464786,0.0
npc:i158:e158,158,affect_only,weather,0.65,0.65,0.65,0.65,0.65,0.5782758184964437,0.5782758184964437,0.2094501444904842,0.20945124929675388,63,0.015625,10,0.09090909090909091,0.0,0.0006182232937583543,0.0016847993628151766,0.0010665760690568224,0.06300000000000004,0.06400000000000004,0.0010000000000000009,0.0,13,0.65,0.65,0.65,0.5782758184964437,0.2094501444904842,0.20945124929675388,0.21421037504708612
npc:i159:e159,159,structural_low,threat,0.03,0.03,0.03,0.03,0.03,0.012233585601573616,0.012233585601573616,0.004445213104677788,0.004879292230657044,31,0.03125,20,0.047619047619047616,1.0,0.00014512979305343783,0.001176971764371237,0.0010318419713177991,0.03100000000000002,0.03200000000000002,0.0010000000000000009,0.0,13,0.03,0.03,0.03,0.012233585601573616,0.004445213104677788,0.004879292230657044,0.004498132308304904
npc:i160:e160,160,combined,threat,0.55,0.55,0.55,0.55,0.55,0.2640963803286006,0.2640963803286006,0.09596243725826827,0.09639562139850867,32,0.030303030303030304,21,0.045454545454545456,1.0,0.0006120253174730433,0.0016444509111533407,0.0010324255936802974,0.03200000000000002,0.03300000000000002,0.0010000000000000009,0.0,13,0.55,0.55,0.55,0.2640963803286006,0.09596243725826827,0.09639562139850867,0.0970529194998395
npc:i161:e161,161,no_payload_structural,respect,0,0.0,0.0,0.0,0.0,0.0,0.0,0.0,0.0004953406052546401,30,0.03225806451612903,10,0.09090909090909091,1.0,1.2322958298821474e-06,0.0010321588604733573,0.0010309265646434751,0.03000000000000002,0.03100000000000002,0.0010000000000000009,0.0,2,0,0.0,0.0,0.0,0.0,0.0004953406052546401,0.0
npc:i162:e162,162,joy_decoy,weather,0.95,0.95,0.0,0.0,0.0,0.0,0.0,0.0,0.06696164500660316,64,0.015384615384615385,32,0.030303030303030304,0.0,0.0001231860597794925,0.001191430519117336,0.0010682444593378435,0.06400000000000004,0.06500000000000004,0.0010000000000000009,1.0,12,0.95,0.0,0.0,0.0,0.0,0.06696164500660316,0.0
npc:i163:e163,163,affect_only,weather,0.65,0.65,0.65,0.65,0.65,0.46547346072893,0.46547346072893,0.10294231910306115,0.10294623811503326,65,0.015151515151515152,10,0.09090909090909091,0.0,0.0006195438699410147,0.0016883999727539132,0.0010688561028128984,0.06500000000000004,0.06600000000000004,0.0010000000000000009,0.0,13,0.65,0.65,0.65,0.46547346072893,0.10294231910306115,0.10294623811503326,0.10528191726449436
npc:i164:e164,164,structural_low,respect,0.03,0.03,0.03,0.03,0.03,0.00931765173944843,0.00931765173944843,0.002074069965584223,0.002567599733013142,31,0.03125,20,0.047619047619047616,1.0,0.00014512979305343783,0.001176971764371237,0.0010318419713177991,0.03100000000000002,0.03200000000000002,0.0010000000000000009,0.0,13,0.03,0.03,0.03,0.00931765173944843,0.002074069965584223,0.002567599733013142,0.0020987612746983207
npc:i165:e165,165,combined,respect,0.55,0.55,0.55,0.55,0.55,0.19644299422520217,0.19644299422520217,0.043727381712170305,0.04422548739139654,32,0.030303030303030304,21,0.045454545454545456,1.0,0.0006120253174730433,0.0016444509111533407,0.0010324255936802974,0.03200000000000002,0.03300000000000002,0.0010000000000000009,0.0,13,0.55,0.55,0.55,0.19644299422520217,0.043727381712170305,0.04422548739139654,0.04422428377708133
npc:i166:e166,166,no_payload_structural,betrayal,0,0.0,0.0,0.0,0.0,0.0,0.0,0.0,0.0004830206022451931,33,0.029411764705882353,11,0.08333333333333333,1.0,1.236111633586932e-06,0.0010353609967301404,0.0010341248850965535,0.03300000000000002,0.03400000000000002,0.0010000000000000009,0.0,2,0,0.0,0.0,0.0,0.0,0.0004830206022451931,0.0
npc:i167:e167,167,joy_decoy,weather,0.95,0.95,0.0,0.0,0.0,0.0,0.0,0.0,0.06696164502825827,66,0.014925373134328358,33,0.029411764705882353,0.0,0.00012344932255187077,0.0011939809613928226,0.001070531638840952,0.06600000000000004,0.06700000000000005,0.0010000000000000009,1.0,12,0.95,0.0,0.0,0.0,0.0,0.06696164502825827,0.0
npc:i168:e168,168,affect_only,weather,0.65,0.65,0.65,0.65,0.65,0.5513644332151653,0.5513644332151653,0.13920038246076905,0.13920096502691193,67,0.014705882352941176,11,0.08333333333333333,0.0,0.0006208700999242678,0.001692016005497769,0.0010711459055735013,0.06700000000000005,0.06800000000000005,0.0010000000000000009,0.0,14,0.65,0.65,0.65,0.5513644332151653,0.13920038246076905,0.13920096502691193,0.14210039042870173
npc:i169:e169,169,structural_low,betrayal,0.03,0.03,0.03,0.03,0.03,0.01143785748139714,0.01143785748139714,0.002907813967980337,0.0033587777817431904,34,0.02857142857142857,22,0.043478260869565216,1.0,0.00014558003902823157,0.0011806260224246836,0.001035045983396452,0.03400000000000002,0.035000000000000024,0.0010000000000000009,0.0,14,0.03,0.03,0.03,0.01143785748139714,0.002907813967980337,0.0033587777817431904,0.0029394206415453406
npc:i170:e170,170,combined,betrayal,0.55,0.55,0.55,0.55,0.55,0.24499484434554397,0.24499484434554397,0.0622843422931097,0.06273484909345042,35,0.027777777777777776,23,0.041666666666666664,1.0,0.0006139255316608354,0.0016495587694518614,0.0010356332377910258,0.035000000000000024,0.036000000000000025,0.0010000000000000009,0.0,14,0.55,0.55,0.55,0.24499484434554397,0.0622843422931097,0.06273484909345042,0.0629331375253296
npc:i171:e171,171,no_payload_structural,threat,0,0.0,0.0,0.0,0.0,0.0,0.0,0.0,0.00047691580725196716,33,0.029411764705882353,11,0.08333333333333333,1.0,1.236111633586932e-06,0.0010353609967301404,0.0010341248850965535,0.03300000000000002,0.03400000000000002,0.0010000000000000009,0.0,2,0,0.0,0.0,0.0,0.0,0.00047691580725196716,0.0
npc:i172:e172,172,joy_decoy,weather,0.95,0.95,0.0,0.0,0.0,0.0,0.0,0.0,0.06696164509107433,68,0.014492753623188406,34,0.02857142857142857,0.0,0.0001237137129805358,0.001196542346335708,0.0010728286333551722,0.06800000000000005,0.06900000000000005,0.0010000000000000009,1.0,12,0.95,0.0,0.0,0.0,0.0,0.06696164509107433,0.0
npc:i173:e173,173,affect_only,weather,0.65,0.65,0.65,0.65,0.65,0.5782758184964437,0.5782758184964437,0.20945014449048416,0.2094512564564424,69,0.014285714285714285,11,0.08333333333333333,0.0,0.0006222020200945682,0.001695647560352255,0.0010734455402576868,0.06900000000000005,0.07000000000000005,0.0010000000000000009,0.0,13,0.65,0.65,0.65,0.5782758184964437,0.20945014449048416,0.2094512564564424,0.21381368916736923
npc:i174:e174,174,structural_low,threat,0.03,0.03,0.03,0.03,0.03,0.012233585601573616,0.012233585601573616,0.004445213104677766,0.004880340581815378,34,0.02857142857142857,22,0.043478260869565216,1.0,0.00014558003902823157,0.0011806260224246836,0.001035045983396452,0.03400000000000002,0.035000000000000024,0.0010000000000000009,0.0,13,0.03,0.03,0.03,0.012233585601573616,0.004445213104677766,0.004880340581815378,0.004493530638424264
npc:i175:e175,175,combined,threat,0.55,0.55,0.55,0.55,0.55,0.2640963803286006,0.2640963803286006,0.09596243725826824,0.09639667906514006,35,0.027777777777777776,23,0.041666666666666664,1.0,0.0006139255316608354,0.0016495587694518614,0.0010356332377910258,0.035000000000000024,0.036000000000000025,0.0010000000000000009,0.0,13,0.55,0.55,0.55,0.2640963803286006,0.09596243725826824,0.09639667906514006,0.09696204597970853
npc:i176:e176,176,no_payload_structural,respect,0,0.0,0.0,0.0,0.0,0.0,0.0,0.0,0.0004962082362664464,33,0.029411764705882353,11,0.08333333333333333,1.0,1.236111633586932e-06,0.0010353609967301404,0.0010341248850965535,0.03300000000000002,0.03400000000000002,0.0010000000000000009,0.0,2,0,0.0,0.0,0.0,0.0,0.0004962082362664464,0.0
npc:i177:e177,177,joy_decoy,weather,0.95,0.95,0.0,0.0,0.0,0.0,0.0,0.0,0.06696164515440706,70,0.014084507042253521,35,0.027777777777777776,0.0,0.00012397923832632515,0.0011991147445216744,0.0010751355061953492,0.07000000000000005,0.07100000000000005,0.0010000000000000009,1.0,12,0.95,0.0,0.0,0.0,0.0,0.06696164515440706,0.0
npc:i178:e178,178,affect_only,weather,0.65,0.65,0.65,0.65,0.65,0.4654734607289255,0.4654734607289255,0.10294231910306016,0.10294626350005669,71,0.013888888888888888,11,0.08333333333333333,0.0,0.0006235396671512707,0.001699294737477266,0.0010757550703259953,0.07100000000000005,0.07200000000000005,0.0010000000000000009,0.0,13,0.65,0.65,0.65,0.4654734607289255,0.10294231910306016,0.10294626350005669,0.10508695075104058
npc:i179:e179,179,structural_low,respect,0.03,0.03,0.03,0.03,0.03,0.009317651739448318,0.009317651739448318,0.002074069965584213,0.00256845130018721,34,0.02857142857142857,22,0.043478260869565216,1.0,0.00014558003902823157,0.0011806260224246836,0.001035045983396452,0.03400000000000002,0.035000000000000024,0.0010000000000000009,0.0,13,0.03,0.03,0.03,0.009317651739448318,0.002074069965584213,0.00256845130018721,0.0020966142043405632
npc:i180:e180,180,combined,respect,0.55,0.55,0.55,0.55,0.55,0.19644299422520117,0.19644299422520117,0.04372738171217008,0.0442263708658343,35,0.027777777777777776,23,0.041666666666666664,1.0,0.0006139255316608354,0.0016495587694518614,0.0010356332377910258,0.035000000000000024,0.036000000000000025,0.0010000000000000009,0.0,13,0.55,0.55,0.55,0.19644299422520117,0.04372738171217008,0.0442263708658343,0.044182875271671855
npc:i181:e181,181,no_payload_structural,betrayal,0,0.0,0.0,0.0,0.0,0.0,0.0,0.0,0.0004840623081145518,36,0.02702702702702703,12,0.07692307692307693,1.0,1.2399511419740122e-06,0.0010385830632258525,0.0010373431120838785,0.036000000000000025,0.037000000000000026,0.0010000000000000009,0.0,2,0,0.0,0.0,0.0,0.0,0.0004840623081145518,0.0
npc:i182:e182,182,joy_decoy,weather,0.95,0.95,0.0,0.0,0.0,0.0,0.0,0.0,0.06696164517682128,72,0.0136986301369863,36,0.02702702702702703,0.0,0.00012424590591254579,0.0012016982271346238,0.001077452321222078,0.07200000000000005,0.07300000000000005,0.0010000000000000009,1.0,12,0.95,0.0,0.0,0.0,0.0,0.06696164517682128,0.0
npc:i183:e183,183,affect_only,weather,0.65,0.65,0.65,0.65,0.65,0.5513644332151653,0.5513644332151653,0.13920038246076905,0.13920096886227998,73,0.013513513513513514,12,0.07692307692307693,0.0,0.0006248830781100044,0.0017029576378962945,0.0010780745597862903,0.07300000000000005,0.07400000000000005,0.0010000000000000009,0.0,14,0.65,0.65,0.65,0.5513644332151653,0.13920038246076905,0.13920096886227998,0.1418773128927069
npc:i184:e184,184,structural_low,betrayal,0.03,0.03,0.03,0.03,0.03,0.01143785748139714,0.01143785748139714,0.0029078139679803647,0.003359685118146027,37,0.02631578947368421,24,0.04,1.0,0.00014603308735406067,0.0011843030426112225,0.0010382699552571619,0.037000000000000026,0.03800000000000003,0.0010000000000000009,0.0,14,0.03,0.03,0.03,0.01143785748139714,0.0029078139679803647,0.003359685118146027,0.0029368921076601685
npc:i185:e185,185,combined,betrayal,0.55,0.55,0.55,0.55,0.55,0.24499484434554397,0.24499484434554397,0.0622843422931097,0.062735757845825,38,0.02564102564102564,25,0.038461538461538464,1.0,0.0006158375821578358,0.0016546984578520592,0.0010388608756942235,0.03800000000000003,0.03900000000000003,0.0010000000000000009,0.0,14,0.55,0.55,0.55,0.24499484434554397,0.0622843422931097,0.062735757845825,0.06288323019977422
npc:i186:e186,186,no_payload_structural,threat,0,0.0,0.0,0.0,0.0,0.0,0.0,0.0,0.00047801102924119223,36,0.02702702702702703,12,0.07692307692307693,1.0,1.2399511419740122e-06,0.0010385830632258525,0.0010373431120838785,0.036000000000000025,0.037000000000000026,0.0010000000000000009,0.0,2,0,0.0,0.0,0.0,0.0,0.00047801102924119223,0.0
npc:i187:e187,187,joy_decoy,weather,0.95,0.95,0.0,0.0,0.0,0.0,0.0,0.0,0.06696164524103977,74,0.013333333333333334,37,0.02631578947368421,0.0,0.00012451372312564756,0.001204292865973245,0.0010797791428475974,0.07400000000000005,0.07500000000000005,0.0010000000000000009,1.0,12,0.95,0.0,0.0,0.0,0.0,0.06696164524103977,0.0
npc:i188:e188,188,affect_only,weather,0.65,0.65,0.65,0.65,0.65,0.5782758184964437,0.5782758184964437,0.2094501444904842,0.2094512637095293,75,0.013157894736842105,12,0.07692307692307693,0.0,0.0006262322903060874,0.0017066363635057577,0.0010804040731996704,0.07500000000000005,0.07600000000000005,0.0010000000000000009,0.0,13,0.65,0.65,0.65,0.5782758184964437,0.2094501444904842,0.2094512637095293,0.21347803188453196
npc:i189:e189,189,structural_low,threat,0.03,0.03,0.03,0.03,0.03,0.012233585601573616,0.012233585601573616,0.004445213104677788,0.0048813953410500235,37,0.02631578947368421,24,0.04,1.0,0.00014603308735406067,0.0011843030426112225,0.0010382699552571619,0.037000000000000026,0.03800000000000003,0.0010000000000000009,0.0,13,0.03,0.03,0.03,0.012233585601573616,0.004445213104677788,0.0048813953410500235,0.004489665235724566
npc:i190:e190,190,combined,threat,0.55,0.55,0.55,0.55,0.55,0.2640963803286006,0.2640963803286006,0.09596243725826827,0.09639774332568272,38,0.02564102564102564,25,0.038461538461538464,1.0,0.0006158375821578358,0.0016546984578520592,0.0010388608756942235,0.03800000000000003,0.03900000000000003,0.0010000000000000009,0.0,13,0.55,0.55,0.55,0.2640963803286006,0.09596243725826827,0.09639774332568272,0.09688515300113623
npc:i191:e191,191,no_payload_structural,respect,0,0.0,0.0,0.0,0.0,0.0,0.0,0.0,0.0004970812677288139,36,0.02702702702702703,12,0.07692307692307693,1.0,1.2399511419740122e-06,0.0010385830632258525,0.0010373431120838785,0.036000000000000025,0.037000000000000026,0.0010000000000000009,0.0,2,0,0.0,0.0,0.0,0.0,0.0004970812677288139,0.0
npc:i192:e192,192,joy_decoy,weather,0.95,0.95,0.0,0.0,0.0,0.0,0.0,0.0,0.06696164530578914,76,0.012987012987012988,38,0.02564102564102564,0.0,0.00012478269741590515,0.0012068987334576638,0.0010821160360417587,0.07600000000000005,0.07700000000000005,0.0010000000000000009,1.0,12,0.95,0.0,0.0,0.0,0.0,0.06696164530578914,0.0
npc:i193:e193,193,affect_only,weather,0.65,0.65,0.65,0.65,0.65,0.46547346072892526,0.46547346072892526,0.10294231910306012,0.10294628921607914,77,0.01282051282051282,12,0.07692307692307693,0.0,0.0006275873413979852,0.0017103310170844455,0.0010827436756864603,0.07700000000000005,0.07800000000000006,0.0010000000000000009,0.0,13,0.65,0.65,0.65,0.46547346072892526,0.10294231910306012,0.10294628921607914,0.10492197908581127
npc:i194:e194,194,structural_low,respect,0.03,0.03,0.03,0.03,0.03,0.009317651739448318,0.009317651739448318,0.002074069965584213,0.002569307968615681,37,0.02631578947368421,24,0.04,1.0,0.00014603308735406067,0.0011843030426112225,0.0010382699552571619,0.037000000000000026,0.03800000000000003,0.0010000000000000009,0.0,13,0.03,0.03,0.03,0.009317651739448318,0.002074069965584213,0.002569307968615681,0.002094810665240055
npc:i195:e195,195,combined,respect,0.55,0.55,0.55,0.55,0.55,0.19644299422520106,0.19644299422520106,0.04372738171217004,0.0442272598471593,38,0.02564102564102564,25,0.038461538461538464,1.0,0.0006158375821578358,0.0016546984578520592,0.0010388608756942235,0.03800000000000003,0.03900000000000003,0.0010000000000000009,0.0,13,0.55,0.55,0.55,0.19644299422520106,0.04372738171217004,0.0442272598471593,0.04414783730555629
npc:i196:e196,196,no_payload_structural,betrayal,0,0.0,0.0,0.0,0.0,0.0,0.0,0.0,0.0004851105924259108,39,0.025,13,0.07142857142857142,1.0,1.2438145766204385e-06,0.0010418252466114011,0.0010405814320347806,0.03900000000000003,0.04000000000000003,0.0010000000000000009,0.0,2,0,0.0,0.0,0.0,0.0,0.0004851105924259108,0.0
npc:i197:e197,197,joy_decoy,weather,0.95,0.95,0.0,0.0,0.0,0.0,0.0,0.0,0.06696164532898949,78,0.012658227848101266,39,0.025,0.0,0.0001250528362981091,0.0012095159026361817,0.0010844630663380725,0.07800000000000006,0.07900000000000006,0.0010000000000000009,1.0,12,0.95,0.0,0.0,0.0,0.0,0.06696164532898949,0.0
npc:i198:e198,198,affect_only,weather,0.65,0.65,0.65,0.65,0.65,0.5513644332151653,0.5513644332151653,0.13920038246076905,0.13920097274846782,79,0.0125,13,0.07142857142857142,0.0,0.0006289482693708145,0.001714041702303095,0.0010850934329322804,0.07900000000000006,0.08000000000000006,0.0010000000000000009,0.0,14,0.65,0.65,0.65,0.5513644332151653,0.13920038246076905,0.13920097274846782,0.14168610357613992
npc:i199:e199,199,structural_low,betrayal,0.03,0.03,0.03,0.03,0.03,0.01143785748139714,0.01143785748139714,0.002907813967980337,0.003360598012881057,40,0.024390243902439025,26,0.037037037037037035,1.0,0.00014648896427553592,0.0011880030382710833,0.0010415140739955474,0.04000000000000003,0.04100000000000003,0.0010000000000000009,0.0,14,0.03,0.03,0.03,0.01143785748139714,0.002907813967980337,0.003360598012881057,0.0029347381713875622
npc:i200:e200,200,combined,betrayal,0.55,0.55,0.55,0.55,0.55,0.24499484434554397,0.24499484434554397,0.0622843422931097,0.0627366722855772,41,0.023809523809523808,27,0.03571428571428571,1.0,0.0006177615799009634,0.0016598702748124336,0.0010421086949114703,0.04100000000000003,0.04200000000000003,0.0010000000000000009,0.0,14,0.55,0.55,0.55,0.24499484434554397,0.0622843422931097,0.0627366722855772,0.06284045249215532
npc:i201:e201,201,no_payload_structural,threat,0,0.0,0.0,0.0,0.0,0.0,0.0,0.0,0.00047911314374774833,39,0.025,13,0.07142857142857142,1.0,1.2438145766204385e-06,0.0010418252466114011,0.0010405814320347806,0.03900000000000003,0.04000000000000003,0.0010000000000000009,0.0,2,0,0.0,0.0,0.0,0.0,0.00047911314374774833,0.0
npc:i202:e202,202,joy_decoy,weather,0.95,0.95,0.0,0.0,0.0,0.0,0.0,0.0,0.06696164539465056,80,0.012345679012345678,40,0.024390243902439025,0.0,0.0001253241473522655,0.0012121444471921011,0.0010868202998398357,0.08000000000000006,0.08100000000000006,0.0010000000000000009,1.0,12,0.95,0.0,0.0,0.0,0.0,0.06696164539465056,0.0
npc:i203:e203,203,affect_only,weather,0.65,0.65,0.65,0.65,0.65,0.5782758184964437,0.5782758184964437,0.2094501444904842,0.2094512710578541,81,0.012195121951219513,13,0.07142857142857142,0.0,0.0006303151125398927,0.0017177685237340832,0.0010874534111941906,0.08100000000000006,0.08200000000000006,0.0010000000000000009,0.0,13,0.65,0.65,0.65,0.5782758184964437,0.2094501444904842,0.2094512710578541,0.2131903256421
npc:i204:e204,204,structural_low,threat,0.03,0.03,0.03,0.03,0.03,0.012233585601573616,0.012233585601573616,0.004445213104677785,0.004882456565956318,40,0.024390243902439025,26,0.037037037037037035,1.0,0.00014648896427553592,0.0011880030382710833,0.0010415140739955474,0.04000000000000003,0.04100000000000003,0.0010000000000000009,0.0,13,0.03,0.03,0.03,0.012233585601573616,0.004445213104677785,0.004882456565956318,0.004486372485276653
npc:i205:e205,205,combined,threat,0.55,0.55,0.55,0.55,0.55,0.2640963803286006,0.2640963803286006,0.09596243725826824,0.096398814241993,41,0.023809523809523808,27,0.03571428571428571,1.0,0.0006177615799009634,0.0016598702748124336,0.0010421086949114703,0.04100000000000003,0.04200000000000003,0.0010000000000000009,0.0,13,0.55,0.55,0.55,0.2640963803286006,0.09596243725826824,0.096398814241993,0.09681924473378849
npc:i206:e206,206,no_payload_structural,respect,0,0.0,0.0,0.0,0.0,0.0,0.0,0.0,0.0004979597502191293,39,0.025,13,0.07142857142857142,1.0,1.2438145766204385e-06,0.0010418252466114011,0.0010405814320347806,0.03900000000000003,0.04000000000000003,0.0010000000000000009,0.0,2,0,0.0,0.0,0.0,0.0,0.0004979597502191293,0.0
npc:i207:e207,207,joy_decoy,weather,0.95,0.95,0.0,0.0,0.0,0.0,0.0,0.0,0.06696164546085728,82,0.012048192771084338,41,0.023809523809523808,0.0,0.00012559663822430504,0.001214784441450641,0.001089187803226336,0.08200000000000006,0.08300000000000006,0.0010000000000000009,1.0,12,0.95,0.0,0.0,0.0,0.0,0.06696164546085728,0.0
npc:i208:e208,208,affect_only,weather,0.65,0.65,0.65,0.65,0.65,0.46547346072892526,0.46547346072892526,0.10294231910306012,0.10294631526961602,83,0.011904761904761904,13,0.07142857142857142,0.0,0.0006316879095543334,0.0017215115868612547,0.0010898236773069212,0.08300000000000006,0.08400000000000006,0.0010000000000000009,0.0,13,0.65,0.65,0.65,0.46547346072892526,0.10294231910306012,0.10294631526961602,0.10478057480132905
npc:i209:e209,209,structural_low,respect,0.03,0.03,0.03,0.03,0.03,0.009317651739448318,0.009317651739448318,0.002074069965584213,0.00257016978238947,40,0.024390243902439025,26,0.037037037037037035,1.0,0.00014648896427553592,0.0011880030382710833,0.0010415140739955474,0.04000000000000003,0.04100000000000003,0.0010000000000000009,0.0,13,0.03,0.03,0.03,0.009317651739448318,0.002074069965584213,0.00257016978238947,0.0020932743171174
npc:i210:e210,210,combined,respect,0.55,0.55,0.55,0.55,0.55,0.19644299422520106,0.19644299422520106,0.04372738171217007,0.044228154387020754,41,0.023809523809523808,27,0.03571428571428571,1.0,0.0006177615799009634,0.0016598702748124336,0.0010421086949114703,0.04100000000000003,0.04200000000000003,0.0010000000000000009,0.0,13,0.55,0.55,0.55,0.19644299422520106,0.04372738171217007,0.044228154387020754,0.044117804763171585
npc:i211:e211,211,no_payload_structural,betrayal,0,0.0,0.0,0.0,0.0,0.0,0.0,0.0,0.0004861655171954113,42,0.023255813953488372,14,0.06666666666666667,1.0,1.2477021618734494e-06,0.0010450877358756927,0.0010438400337138194,0.04200000000000003,0.04300000000000003,0.0010000000000000009,0.0,2,0,0.0,0.0,0.0,0.0,0.0004861655171954113,0.0
npc:i212:e212,212,joy_decoy,weather,0.95,0.95,0.0,0.0,0.0,0.0,0.0,0.0,0.06696164548487182,84,0.011764705882352941,42,0.023255813953488372,0.0,0.0001258703166268014,0.0012174359603859433,0.001091565643759142,0.08400000000000006,0.08500000000000006,0.0010000000000000009,1.0,12,0.95,0.0,0.0,0.0,0.0,0.06696164548487182,0.0
npc:i213:e213,213,affect_only,weather,0.65,0.65,0.65,0.65,0.65,0.5513644332151653,0.5513644332151653,0.13920038246076905,0.13920097668649195,85,0.011627906976744186,14,0.06666666666666667,0.0,0.0006330666994006905,0.0017252709980898713,0.0010922042986891809,0.08500000000000006,0.08600000000000006,0.0010000000000000009,0.0,14,0.65,0.65,0.65,0.5513644332151653,0.13920038246076905,0.13920097668649195,0.1415203888351152
npc:i214:e214,214,structural_low,betrayal,0.03,0.03,0.03,0.03,0.03,0.01143785748139714,0.01143785748139714,0.002907813967980361,0.0033615165153236455,43,0.022727272727272728,28,0.034482758620689655,1.0,0.0001469476963660094,0.0011917262254189196,0.00104477852905291,0.04300000000000003,0.04400000000000003,0.0010000000000000009,0.0,14,0.03,0.03,0.03,0.01143785748139714,0.002907813967980361,0.0033615165153236455,0.002932881329773295
npc:i215:e215,215,combined,betrayal,0.55,0.55,0.55,0.55,0.55,0.24499484434554397,0.24499484434554397,0.0622843422931097,0.06273759246626553,44,0.022222222222222223,29,0.03333333333333333,1.0,0.0006196976372178382,0.001665074522534557,0.0010453768853167188,0.04400000000000003,0.04500000000000003,0.0010000000000000009,0.0,14,0.55,0.55,0.55,0.24499484434554397,0.0622843422931097,0.06273759246626553,0.06280337847888562
npc:i216:e216,216,no_payload_structural,threat,0,0.0,0.0,0.0,0.0,0.0,0.0,0.0,0.000480222215657294,42,0.023255813953488372,14,0.06666666666666667,1.0,1.2477021618734494e-06,0.0010450877358756927,0.0010438400337138194,0.04200000000000003,0.04300000000000003,0.0010000000000000009,0.0,2,0,0.0,0.0,0.0,0.0,0.000480222215657294,0.0
npc:i217:e217,217,joy_decoy,weather,0.95,0.95,0.0,0.0,0.0,0.0,0.0,0.0,0.06696164555201709,86,0.011494252873563218,43,0.022727272727272728,0.0,0.00012614519033969873,0.0012200990796281683,0.0010939538892884696,0.08600000000000006,0.08700000000000006,0.0010000000000000009,1.0,12,0.95,0.0,0.0,0.0,0.0,0.06696164555201709,0.0
npc:i218:e218,218,affect_only,weather,0.65,0.65,0.65,0.65,0.65,0.5782758184964437,0.5782758184964437,0.2094501444904842,0.2094512785033049,87,0.011363636363636364,14,0.06666666666666667,0.0,0.0006344515214066475,0.001729046864756696,0.0010945953433500486,0.08700000000000006,0.08800000000000006,0.0010000000000000009,0.0,13,0.65,0.65,0.65,0.5782758184964437,0.2094501444904842,0.2094512785033049,0.21294098023199226
npc:i219:e219,219,structural_low,threat,0.03,0.03,0.03,0.03,0.03,0.012233585601573616,0.012233585601573616,0.004445213104677786,0.004883524314788292,43,0.022727272727272728,28,0.034482758620689655,1.0,0.0001469476963660094,0.0011917262254189196,0.00104477852905291,0.04300000000000003,0.04400000000000003,0.0010000000000000009,0.0,13,0.03,0.03,0.03,0.012233585601573616,0.004445213104677786,0.004883524314788292,0.004483533907304319
npc:i220:e220,220,combined,threat,0.55,0.55,0.55,0.55,0.55,0.2640963803286006,0.2640963803286006,0.09596243725826824,0.09639989187670335,44,0.022222222222222223,29,0.03333333333333333,1.0,0.0006196976372178382,0.001665074522534557,0.0010453768853167188,0.04400000000000003,0.04500000000000003,0.0010000000000000009,0.0,13,0.55,0.55,0.55,0.2640963803286006,0.09596243725826824,0.09639989187670335,0.09676212423542047
npc:i221:e221,221,no_payload_structural,respect,0,0.0,0.0,0.0,0.0,0.0,0.0,0.0,0.0004988437349483254,42,0.023255813953488372,14,0.06666666666666667,1.0,1.2477021618734494e-06,0.0010450877358756927,0.0010438400337138194,0.04200000000000003,0.04300000000000003,0.0010000000000000009,0.0,2,0,0.0,0.0,0.0,0.0,0.0004988437349483254,0.0
npc:i222:e222,222,joy_decoy,weather,0.95,0.95,0.0,0.0,0.0,0.0,0.0,0.0,0.06696164561972327,88,0.011235955056179775,44,0.022222222222222223,0.0,0.00012642126721104898,0.001222773875470687,0.001096352608259638,0.08800000000000006,0.08900000000000007,0.0010000000000000009,1.0,12,0.95,0.0,0.0,0.0,0.0,0.06696164561972327,0.0
npc:i223:e223,223,affect_only,weather,0.65,0.65,0.65,0.65,0.65,0.46547346072892526,0.46547346072892526,0.10294231910306012,0.10294634166735572,89,0.011111111111111112,14,0.06666666666666667,0.0,0.0006358424152447573,0.0017328392951402086,0.0010969968798954515,0.08900000000000007,0.09000000000000007,0.0010000000000000009,0.0,13,0.65,0.65,0.65,0.46547346072892526,0.10294231910306012,0.10294634166735572,0.10465802442144445
npc:i224:e224,224,structural_low,respect,0.03,0.03,0.03,0.03,0.03,0.009317651739448318,0.009317651739448318,0.0020740699655842267,0.002571036786061599,43,0.022727272727272728,28,0.034482758620689655,1.0,0.0001469476963660094,0.0011917262254189196,0.00104477852905291,0.04300000000000003,0.04400000000000003,0.0010000000000000009,0.0,13,0.03,0.03,0.03,0.009317651739448318,0.0020740699655842267,0.002571036786061599,0.0020919498790806425
npc:i225:e225,225,combined,respect,0.55,0.55,0.55,0.55,0.55,0.19644299422520106,0.19644299422520106,0.04372738171217007,0.04422905453771599,44,0.022222222222222223,29,0.03333333333333333,1.0,0.0006196976372178382,0.001665074522534557,0.0010453768853167188,0.04400000000000003,0.04500000000000003,0.0010000000000000009,0.0,13,0.55,0.55,0.55,0.19644299422520106,0.04372738171217007,0.04422905453771599,0.044091776559771485
npc:i226:e226,226,no_payload_structural,betrayal,0,0.0,0.0,0.0,0.0,0.0,0.0,0.0,0.0004872271452192496,45,0.021739130434782608,15,0.0625,1.0,1.2516141248939042e-06,0.0010483707223823556,0.0010471191082574618,0.04500000000000003,0.046000000000000034,0.0010000000000000009,0.0,2,0,0.0,0.0,0.0,0.0,0.0004872271452192496,0.0
npc:i227:e227,227,joy_decoy,weather,0.95,0.95,0.0,0.0,0.0,0.0,0.0,0.0,0.06696164564458121,90,0.01098901098901099,45,0.021739130434782608,0.0,0.00012669855515775872,0.0012254604248773666,0.001098761869719608,0.09000000000000007,0.09100000000000007,0.0010000000000000009,1.0,12,0.95,0.0,0.0,0.0,0.0,0.06696164564458121,0.0
npc:i228:e228,228,affect_only,weather,0.65,0.65,0.65,0.65,0.65,0.5513644332151653,0.5513644332151653,0.13920038246076905,0.13920098067739622,91,0.010869565217391304,15,0.0625,0.0,0.0006372394209362307,0.0017366483984709554,0.0010994089775347247,0.09100000000000007,0.09200000000000007,0.0010000000000000009,0.0,14,0.65,0.65,0.65,0.5513644332151653,0.13920038246076905,0.13920098067739622,0.14137538843671857
npc:i229:e229,229,structural_low,betrayal,0.03,0.03,0.03,0.03,0.03,0.01143785748139714,0.01143785748139714,0.0029078139679803647,0.003362440675389179,46,0.02127659574468085,30,0.03225806451612903,1.0,0.00014740931053273826,0.0011954728227858496,0.0010480635122531114,0.046000000000000034,0.047000000000000035,0.0010000000000000009,0.0,14,0.03,0.03,0.03,0.01143785748139714,0.0029078139679803647,0.003362440675389179,0.0029312640806253678
npc:i230:e230,230,combined,betrayal,0.55,0.55,0.55,0.55,0.55,0.24499484434554397,0.24499484434554397,0.0622843422931097,0.06273851844212337,47,0.020833333333333332,31,0.03125,1.0,0.0006216458678486418,0.001670311507021939,0.0010486656391732972,0.047000000000000035,0.048000000000000036,0.0010000000000000009,0.0,14,0.55,0.55,0.55,0.24499484434554397,0.0622843422931097,0.06273851844212337,0.06277093871727463
npc:i231:e231,231,no_payload_structural,threat,0,0.0,0.0,0.0,0.0,0.0,0.0,0.0,0.000481338310671234,45,0.021739130434782608,15,0.0625,1.0,1.2516141248939042e-06,0.0010483707223823556,0.0010471191082574618,0.04500000000000003,0.046000000000000034,0.0010000000000000009,0.0,2,0,0.0,0.0,0.0,0.0,0.000481338310671234,0.0
npc:i232:e232,232,joy_decoy,weather,0.95,0.95,0.0,0.0,0.0,0.0,0.0,0.0,0.0669616457132537,92,0.010752688172043012,46,0.02127659574468085,0.0,0.00012697706216634614,0.0012281588054899525,0.0011011817433236063,0.09200000000000007,0.09300000000000007,0.0010000000000000009,1.0,12,0.95,0.0,0.0,0.0,0.0,0.0669616457132537,0.0
npc:i233:e233,233,affect_only,weather,0.65,0.65,0.65,0.65,0.65,0.5782758184964437,0.5782758184964437,0.2094501444904842,0.20945128604782004,93,0.010638297872340425,15,0.0625,0.0,0.0006386425788547753,0.0017404742849420369,0.0011018317060872615,0.09300000000000007,0.09400000000000007,0.0010000000000000009,0.0,13,0.65,0.65,0.65,0.5782758184964437,0.2094501444904842,0.20945128604782004,0.21272280299814803
npc:i234:e234,234,structural_low,threat,0.03,0.03,0.03,0.03,0.03,0.012233585601573616,0.012233585601573616,0.004445213104677785,0.004884598646466922,46,0.02127659574468085,30,0.03225806451612903,1.0,0.00014740931053273826,0.0011954728227858496,0.0010480635122531114,0.046000000000000034,0.047000000000000035,0.0010000000000000009,0.0,13,0.03,0.03,0.03,0.012233585601573616,0.004445213104677785,0.004884598646466922,0.004481061597457444
npc:i235:e235,235,combined,threat,0.55,0.55,0.55,0.55,0.55,0.2640963803286006,0.2640963803286006,0.09596243725826827,0.0964009762932346,47,0.020833333333333332,31,0.03125,1.0,0.0006216458678486418,0.001670311507021939,0.0010486656391732972,0.047000000000000035,0.048000000000000036,0.0010000000000000009,0.0,13,0.55,0.55,0.55,0.2640963803286006,0.09596243725826827,0.0964009762932346,0.09671214379934849
npc:i236:e236,236,no_payload_structural,respect,0,0.0,0.0,0.0,0.0,0.0,0.0,0.0,0.0004997332737708115,45,0.021739130434782608,15,0.0625,1.0,1.2516141248939042e-06,0.0010483707223823556,0.0010471191082574618,0.04500000000000003,0.046000000000000034,0.0010000000000000009,0.0,2,0,0.0,0.0,0.0,0.0,0.0004997332737708115,0.0
npc:i237:e237,237,joy_decoy,weather,0.95,0.95,0.0,0.0,0.0,0.0,0.0,0.0,0.06696164578250295,94,0.010526315789473684,47,0.020833333333333332,0.0,0.00012725679629370758,0.001230869095635548,0.0011036122993418403,0.09400000000000007,0.09500000000000007,0.0010000000000000009,1.0,12,0.95,0.0,0.0,0.0,0.0,0.06696164578250295,0.0
npc:i238:e238,238,affect_only,weather,0.65,0.65,0.65,0.65,0.65,0.46547346072892526,0.46547346072892526,0.10294231910306009,0.10294636841616461,95,0.010416666666666666,15,0.0625,0.0,0.000640051929730485,0.0017443170657197343,0.0011042651359892495,0.09500000000000007,0.09600000000000007,0.0010000000000000009,0.0,13,0.65,0.65,0.65,0.46547346072892526,0.10294231910306009,0.10294636841616461,0.1045507928390454
npc:i239:e239,239,structural_low,respect,0.03,0.03,0.03,0.03,0.03,0.009317651739448318,0.009317651739448318,0.002074069965584199,0.0025719090246516156,46,0.02127659574468085,30,0.03225806451612903,1.0,0.00014740931053273826,0.0011954728227858496,0.0010480635122531114,0.046000000000000034,0.047000000000000035,0.0010000000000000009,0.0,13,0.03,0.03,0.03,0.009317651739448318,0.002074069965584199,0.0025719090246516156,0.002090796336274394
npc:i240:e240,240,combined,respect,0.55,0.55,0.55,0.55,0.55,0.19644299422520106,0.19644299422520106,0.04372738171217004,0.044229960352200434,47,0.020833333333333332,31,0.03125,1.0,0.0006216458678486418,0.001670311507021939,0.0010486656391732972,0.047000000000000035,0.048000000000000036,0.0010000000000000009,0.0,13,0.55,0.55,0.55,0.19644299422520106,0.04372738171217004,0.044229960352200434,0.04406900188179637
npc:i241:e241,241,no_payload_structural,betrayal,0,0.0,0.0,0.0,0.0,0.0,0.0,0.0,0.0004882955400859547,48,0.02040816326530612,16,0.058823529411764705,1.0,1.2555506957005251e-06,0.0010516743999071556,0.001050418849211455,0.048000000000000036,0.04900000000000004,0.0010000000000000009,0.0,2,0,0.0,0.0,0.0,0.0,0.0004882955400859547,0.0
npc:i242:e242,242,joy_decoy,weather,0.95,0.95,0.0,0.0,0.0,0.0,0.0,0.0,0.06696164580823466,96,0.010309278350515464,48,0.02040816326530612,0.0,0.00012753776566789461,0.0012335913743341924,0.0011060536086662978,0.09600000000000007,0.09700000000000007,0.0010000000000000009,1.0,12,0.95,0.0,0.0,0.0,0.0,0.06696164580823466,0.0
npc:i243:e243,243,affect_only,weather,0.65,0.65,0.65,0.65,0.65,0.5513644332151653,0.5513644332151653,0.13920038246076905,0.13920098472225256,97,0.01020408163265306,16,0.058823529411764705,0.0,0.00064146751465378,0.0017481768529542753,0.0011067093383004952,0.09700000000000007,0.09800000000000007,0.0010000000000000009,0.0,14,0.65,0.65,0.65,0.5513644332151653,0.13920038246076905,0.13920098472225256,0.1412474469087215
npc:i244:e244,244,structural_low,betrayal,0.03,0.03,0.03,0.03,0.03,0.01143785748139714,0.01143785748139714,0.0029078139679803647,0.003363370543538993,49,0.02,32,0.030303030303030304,1.0,0.00014787383402214537,0.0011992430518622914,0.001051369217840146,0.04900000000000004,0.05000000000000004,0.0010000000000000009,0.0,14,0.03,0.03,0.03,0.01143785748139714,0.0029078139679803647,0.003363370543538993,0.0029298428616771855
npc:i245:e245,245,combined,betrayal,0.55,0.55,0.55,0.55,0.55,0.24499484434554397,0.24499484434554397,0.0622843422931097,0.06273945026806883,50,0.0196078431372549,33,0.029411764705882353,1.0,0.0006236063869683915,0.001675581538140005,0.0010519751511716136,0.05000000000000004,0.05100000000000004,0.0010000000000000009,0.0,14,0.55,0.55,0.55,0.24499484434554397,0.0622843422931097,0.06273945026806883,0.0627423153982061
npc:i246:e246,246,no_payload_structural,threat,0,0.0,0.0,0.0,0.0,0.0,0.0,0.0,0.00048246149531958163,48,0.02040816326530612,16,0.058823529411764705,1.0,1.2555506957005251e-06,0.0010516743999071556,0.001050418849211455,0.048000000000000036,0.04900000000000004,0.0010000000000000009,0.0,2,0,0.0,0.0,0.0,0.0,0.00048246149531958163,0.0
npc:i247:e247,247,joy_decoy,weather,0.95,0.95,0.0,0.0,0.0,0.0,0.0,0.0,0.06696164587847901,98,0.010101010101010102,49,0.02,0.0,0.00012781997848890128,0.0012363257213065422,0.0011085057428176408,0.09800000000000007,0.09900000000000007,0.0010000000000000009,1.0,12,0.95,0.0,0.0,0.0,0.0,0.06696164587847901,0.0
npc:i248:e248,248,affect_only,weather,0.65,0.65,0.65,0.65,0.65,0.5782758184964437,0.5782758184964437,0.2094501444904842,0.2094512936933899,99,0.01,16,0.058823529411764705,0.0,0.000642889375079402,0.0017520537597907468,0.0011091643847113448,0.09900000000000007,0.10000000000000007,0.0010000000000000009,0.0,13,0.65,0.65,0.65,0.5782758184964437,0.2094501444904842,0.2094512936933899,0.2125302936741678
npc:i249:e249,249,structural_low,threat,0.03,0.03,0.03,0.03,0.03,0.012233585601573616,0.012233585601573616,0.004445213104677788,0.004885679620588456,49,0.02,32,0.030303030303030304,1.0,0.00014787383402214537,0.0011992430518622914,0.001051369217840146,0.04900000000000004,0.05000000000000004,0.0010000000000000009,0.0,13,0.03,0.03,0.03,0.012233585601573616,0.004445213104677788,0.004885679620588456,0.004478888961531408
npc:i250:e250,250,combined,threat,0.55,0.55,0.55,0.55,0.55,0.2640963803286006,0.2640963803286006,0.09596243725826827,0.09640206755580828,50,0.0196078431372549,33,0.029411764705882353,1.0,0.0006236063869683915,0.001675581538140005,0.0010519751511716136,0.05000000000000004,0.05100000000000004,0.0010000000000000009,0.0,13,0.55,0.55,0.55,0.2640963803286006,0.09596243725826827,0.09640206755580828,0.09666804341457906
