arm,kind,horizon,checkpoint,observation_exact,behavior_exact,ghost_snapshot_exact,active_records
finite_64,finite_horizon_commitment,64,64,True,True,True,64
finite_64,finite_horizon_commitment,64,128,True,True,True,64
finite_64,finite_horizon_commitment,64,192,True,True,True,64
finite_64,finite_horizon_commitment,64,256,True,True,True,64
finite_64,finite_horizon_commitment,64,384,True,True,True,64
finite_128,finite_horizon_commitment,128,64,True,True,True,64
finite_128,finite_horizon_commitment,128,128,True,True,True,128
finite_128,finite_horizon_commitment,128,192,True,True,True,128
finite_128,finite_horizon_commitment,128,256,True,True,True,128
finite_128,finite_horizon_commitment,128,384,True,True,True,128
finite_256,finite_horizon_commitment,256,64,True,True,True,64
finite_256,finite_horizon_commitment,256,128,True,True,True,128
finite_256,finite_horizon_commitment,256,192,True,True,True,192
finite_256,finite_horizon_commitment,256,256,True,True,True,256
finite_256,finite_horizon_commitment,256,384,True,True,True,256
external_exact_64,external_exact_archive,64,64,True,True,True,64
external_exact_64,external_exact_archive,64,128,True,True,True,64
external_exact_64,external_exact_archive,64,192,True,True,True,64
external_exact_64,external_exact_archive,64,256,True,True,True,64
external_exact_64,external_exact_archive,64,384,True,True,True,64
